student_id,name,gender,age,section,math,english,science,social_science,attendance_percent,average_score,grade,passed
S0001,Sakib Hossain,Female,17,B,73,59,78,93,86.1,75.75,A,Yes
S0002,Taslima Karim,Female,22,A,60,93,80,49,92.3,70.5,A,Yes
S0003,Lubna Sultana,Male,15,B,56,52,71,17,74.2,49.0,C,Yes
S0004,Fatima Haque,Female,22,B,54,41,72,40,76.7,51.75,B,Yes
S0005,Sadia Sultana,Male,18,A,91,57,68,28,83.6,61.0,A-,Yes
S0006,Nadia Sultana,Male,16,B,66,38,73,46,85.7,55.75,B,Yes
S0007,Rana Karim,Male,15,C,54,99,66,36,94.6,63.75,A-,Yes
S0008,Shuvo Nath,Male,14,D,43,66,33,30,89.6,43.0,C,Yes
S0009,Sadia Karim,Female,20,A,78,65,65,53,76.2,65.25,A-,Yes
S0010,Sadia Mia,Female,19,B,52,52,84,67,73.9,63.75,A-,Yes
S0011,Mithun Islam,Female,18,A,70,54,55,73,96.2,63.0,A-,Yes
S0012,Fatima Karim,Male,21,C,81,45,61,67,95.8,63.5,A-,Yes
S0013,Nadia Roy,Male,18,A,56,58,48,33,94.5,48.75,C,Yes
S0014,Roksana Khan,Female,17,B,89,60,84,67,82.8,75.0,A,Yes
S0015,Niloy Bhuiyan,Male,22,B,71,92,66,94,67.0,80.75,A+,Yes
S0016,Rana Islam,Male,14,C,79,63,61,62,72.1,66.25,A-,Yes
S0017,Shamim Mollah,Male,19,B,61,69,92,48,81.5,67.5,A-,Yes
S0018,Kavis Bhuiyan,Female,21,B,55,80,72,48,92.1,63.75,A-,Yes
S0019,Jahid Ahmed,Male,22,C,66,81,55,52,84.9,63.5,A-,Yes
S0020,Lubna Sultana,Female,20,C,38,67,71,60,86.1,59.0,B,Yes
S0021,Fatima Ahmed,Female,15,A,39,53,61,42,86.7,48.75,C,Yes
S0022,Sakib Ahmed,Female,20,A,72,99,69,65,87.4,76.25,A,Yes
S0023,Shamim Bhuiyan,Female,21,C,30,61,68,100,86.5,64.75,A-,Yes
S0024,Sadia Hossain,Female,15,C,70,61,47,85,94.0,65.75,A-,Yes
S0025,Rana Karim,Male,16,D,79,43,90,29,92.7,60.25,A-,Yes
S0026,Arif Mollah,Female,16,A,100,42,57,62,84.0,65.25,A-,Yes
S0027,Biplab Haque,Female,16,C,37,63,48,70,80.6,54.5,B,Yes
S0028,Nadia Basu,Female,22,A,92,46,61,77,78.2,69.0,A-,Yes
S0029,Roksana Ghosh,Male,15,C,69,88,39,64,90.1,65.0,A-,Yes
S0030,Biplab Dewan,Male,15,A,79,37,44,71,90.4,57.75,B,Yes
S0031,Kavis Chowdhury,Female,22,B,69,68,55,65,90.3,64.25,A-,Yes
S0032,Taslima Rahman,Female,16,C,52,99,75,33,93.3,64.75,A-,Yes
S0033,Mahfuz Nath,Male,17,B,47,77,86,41,95.7,62.75,A-,Yes
S0034,Biplab Bhuiyan,Female,19,D,72,78,99,54,82.0,75.75,A,Yes
S0035,Mahfuz Biswas,Male,17,A,48,45,65,67,90.2,56.25,B,Yes
S0036,Rana Hossain,Female,17,B,79,62,91,54,100.0,71.5,A,Yes
S0037,Arif Chowdhury,Female,14,B,76,44,48,70,86.2,59.5,B,Yes
S0038,Mithun Islam,Female,15,B,77,71,65,41,75.9,63.5,A-,Yes
S0039,Jahid Rahman,Male,16,D,56,79,70,32,89.4,59.25,B,Yes
S0040,Fatima Rahman,Female,17,A,71,44,69,61,78.9,61.25,A-,Yes
S0041,Sakib Sultana,Male,20,D,71,73,85,83,77.0,78.0,A,Yes
S0042,Rahim Karim,Male,19,A,48,72,75,71,100.0,66.5,A-,Yes
S0043,Fatima Sarker,Male,21,B,75,84,83,74,85.5,79.0,A,Yes
S0044,Fahim Khan,Male,17,A,78,46,62,49,88.7,58.75,B,Yes
S0045,Niloy Basu,Male,22,A,100,24,78,24,84.2,56.5,B,Yes
S0046,Mithun Dewan,Male,21,D,84,63,48,44,93.4,59.75,B,Yes
S0047,Rumana Bhuiyan,Female,16,D,51,66,67,45,100.0,57.25,B,Yes
S0048,Arif Bhuiyan,Male,21,C,76,21,70,45,94.8,53.0,B,Yes
S0049,Fahim Basu,Female,21,B,50,59,75,79,78.4,65.75,A-,Yes
S0050,Rumana Mia,Male,14,A,58,52,55,98,91.2,65.75,A-,Yes
S0051,Rana Islam,Male,21,B,42,80,100,82,75.8,76.0,A,Yes
S0052,Rahim Haque,Male,16,A,56,87,54,69,94.2,66.5,A-,Yes
S0053,Roksana Chowdhury,Female,17,D,48,60,11,37,86.0,39.0,F,No
S0054,Sakib Chandra,Male,14,A,42,94,42,50,89.0,57.0,B,Yes
S0055,Fahim Chandra,Female,19,C,90,33,86,60,80.1,67.25,A-,Yes
S0056,Rumana Ghosh,Male,20,B,73,65,56,61,84.9,63.75,A-,Yes
S0057,Biplab Biswas,Male,15,A,67,75,93,32,100.0,66.75,A-,Yes
S0058,Niloy Nath,Female,15,A,29,58,77,66,83.0,57.5,B,Yes
S0059,Sadia Sarker,Female,16,C,61,52,56,78,90.9,61.75,A-,Yes
S0060,Mithun Dewan,Male,16,D,52,79,72,77,93.0,70.0,A,Yes
S0061,Sadia Mia,Female,22,A,50,50,79,73,87.8,63.0,A-,Yes
S0062,Sadia Mia,Female,15,B,67,87,56,72,86.4,70.5,A,Yes
S0063,Jahid Karim,Female,22,B,61,83,81,77,98.4,75.5,A,Yes
S0064,Jahid Mia,Female,19,B,65,75,61,67,87.0,67.0,A-,Yes
S0065,Jahid Haque,Male,14,A,66,73,53,100,80.0,73.0,A,Yes
S0066,Fahim Mollah,Male,19,B,43,85,80,73,93.0,70.25,A,Yes
S0067,Jahid Khan,Female,22,D,64,44,68,45,95.8,55.25,B,Yes
S0068,Sadia Hossain,Male,16,A,62,45,61,69,83.5,59.25,B,Yes
S0069,Shuvo Chandra,Female,20,B,50,66,71,48,84.2,58.75,B,Yes
S0070,Rahim Mia,Male,14,C,69,33,43,44,86.3,47.25,C,Yes
S0071,Rumana Dewan,Female,19,D,70,91,81,56,87.8,74.5,A,Yes
S0072,Roksana Ahmed,Female,17,B,46,61,62,67,81.4,59.0,B,Yes
S0073,Nadia Sultana,Male,19,D,74,92,65,68,93.5,74.75,A,Yes
S0074,Fatima Mollah,Male,15,D,57,66,67,62,81.8,63.0,A-,Yes
S0075,Rahim Rahman,Male,21,C,65,71,91,81,100.0,77.0,A,Yes
S0076,Biplab Dewan,Male,17,D,51,79,70,100,81.5,75.0,A,Yes
S0077,Rana Mollah,Female,18,C,49,50,30,48,81.9,44.25,C,Yes
S0078,Mahfuz Bhuiyan,Female,22,C,67,68,98,80,83.4,78.25,A,Yes
S0079,Arif Karim,Female,18,B,48,71,44,100,97.4,65.75,A-,Yes
S0080,Lubna Mollah,Male,20,C,56,27,90,57,97.9,57.5,B,Yes
S0081,Rana Sultana,Female,22,A,36,50,67,61,84.4,53.5,B,Yes
S0082,Shamim Chandra,Male,14,D,76,40,64,62,92.1,60.5,A-,Yes
S0083,Arif Haque,Female,22,B,77,39,40,88,90.7,61.0,A-,Yes
S0084,Shuvo Sultana,Male,19,C,51,93,68,85,88.5,74.25,A,Yes
S0085,Sakib Mia,Female,20,C,100,97,62,81,93.2,85.0,A+,Yes
S0086,Shamim Mia,Female,17,D,89,42,78,83,73.9,73.0,A,Yes
S0087,Shamim Khan,Female,18,D,43,21,62,75,100.0,50.25,B,Yes
S0088,Sadia Hossain,Male,17,D,66,94,43,22,87.6,56.25,B,Yes
S0089,Lubna Nath,Female,21,D,71,61,31,58,77.6,55.25,B,Yes
S0090,Niloy Sarker,Female,16,A,77,69,51,48,79.5,61.25,A-,Yes
S0091,Biplab Haque,Female,19,A,63,81,50,71,83.8,66.25,A-,Yes
S0092,Fatima Mia,Male,17,B,50,59,49,47,78.4,51.25,B,Yes
S0093,Arif Islam,Male,21,A,100,62,55,64,87.1,70.25,A,Yes
S0094,Niloy Sultana,Female,17,D,61,74,79,48,83.4,65.5,A-,Yes
S0095,Kavis Bhuiyan,Male,14,A,60,15,41,90,100.0,51.5,B,Yes
S0096,Fahim Dewan,Male,22,D,60,73,72,100,97.0,76.25,A,Yes
S0097,Rahim Basu,Male,15,D,62,42,39,64,81.9,51.75,B,Yes
S0098,Taslima Biswas,Female,22,C,39,49,48,97,95.1,58.25,B,Yes
S0099,Niloy Nath,Female,22,D,64,91,68,41,100.0,66.0,A-,Yes
S0100,Sadia Biswas,Female,21,D,74,41,63,40,76.9,54.5,B,Yes
S0101,Jahid Dewan,Female,18,D,81,100,43,72,82.8,74.0,A,Yes
S0102,Fatima Mollah,Male,18,B,56,50,52,61,81.4,54.75,B,Yes
S0103,Jahid Ghosh,Male,22,A,69,60,62,40,83.4,57.75,B,Yes
S0104,Taslima Ahmed,Male,16,B,78,72,50,62,94.0,65.5,A-,Yes
S0105,Mithun Sultana,Male,22,D,34,72,55,72,81.9,58.25,B,Yes
S0106,Fahim Islam,Male,20,D,32,29,67,65,80.8,48.25,C,Yes
S0107,Lubna Hossain,Female,20,D,76,28,65,33,82.8,50.5,B,Yes
S0108,Arif Roy,Male,20,D,65,44,60,82,83.4,62.75,A-,Yes
S0109,Sadia Basu,Female,17,D,80,39,76,91,68.2,71.5,A,Yes
S0110,Fatima Mollah,Male,14,D,50,73,63,68,83.2,63.5,A-,Yes
S0111,Rana Bhuiyan,Female,21,B,66,58,86,65,90.7,68.75,A-,Yes
S0112,Roksana Basu,Male,20,A,57,52,59,68,84.6,59.0,B,Yes
S0113,Mithun Sultana,Male,21,B,70,100,81,52,97.6,75.75,A,Yes
S0114,Rahim Mollah,Male,17,D,57,21,49,18,85.2,36.25,F,No
S0115,Rana Ghosh,Female,20,C,65,95,72,55,94.6,71.75,A,Yes
S0116,Fahim Mollah,Female,21,A,25,66,80,27,97.2,49.5,C,Yes
S0117,Sadia Islam,Female,19,B,71,53,77,100,89.5,75.25,A,Yes
S0118,Mithun Islam,Female,17,B,69,52,52,78,81.2,62.75,A-,Yes
S0119,Arif Nath,Male,16,D,66,52,75,67,96.3,65.0,A-,Yes
S0120,Sakib Chandra,Female,21,C,55,56,50,50,91.0,52.75,B,Yes
S0121,Shuvo Khan,Female,15,B,78,43,81,89,91.3,72.75,A,Yes
S0122,Biplab Karim,Female,18,D,98,46,45,20,100.0,52.25,B,Yes
S0123,Shamim Sarker,Male,17,A,76,60,71,35,100.0,60.5,A-,Yes
S0124,Biplab Nath,Female,14,C,67,64,79,70,89.8,70.0,A,Yes
S0125,Sadia Sultana,Female,15,C,50,71,98,89,100.0,77.0,A,Yes
S0126,Arif Sultana,Female,15,D,55,42,64,61,96.8,55.5,B,Yes
S0127,Shuvo Biswas,Female,20,B,34,92,64,50,79.9,60.0,A-,Yes
S0128,Mahfuz Mollah,Female,22,D,35,78,68,31,77.6,53.0,B,Yes
S0129,Niloy Sultana,Female,18,C,58,95,62,26,86.0,60.25,A-,Yes
S0130,Fatima Chowdhury,Male,21,B,60,8,66,54,93.6,47.0,C,Yes
S0131,Niloy Chandra,Female,20,C,98,84,62,35,100.0,69.75,A-,Yes
S0132,Arif Rahman,Female,16,D,66,62,66,64,86.8,64.5,A-,Yes
S0133,Rumana Roy,Female,19,C,54,51,66,48,82.3,54.75,B,Yes
S0134,Roksana Mollah,Female,22,B,66,56,92,1,96.7,53.75,B,Yes
S0135,Mithun Dewan,Female,21,B,87,20,61,51,76.7,54.75,B,Yes
S0136,Kavis Rahman,Male,14,A,50,39,96,80,98.2,66.25,A-,Yes
S0137,Biplab Dewan,Male,17,C,77,39,58,70,78.2,61.0,A-,Yes
S0138,Lubna Roy,Male,22,C,77,57,60,75,91.6,67.25,A-,Yes
S0139,Fahim Basu,Male,21,C,58,85,48,73,92.7,66.0,A-,Yes
S0140,Biplab Mollah,Male,17,C,59,68,45,80,86.5,63.0,A-,Yes
S0141,Sakib Basu,Female,16,B,55,82,55,29,75.5,55.25,B,Yes
S0142,Rumana Rahman,Male,22,C,75,36,96,14,100.0,55.25,B,Yes
S0143,Sakib Sarker,Male,19,B,68,60,57,68,87.7,63.25,A-,Yes
S0144,Biplab Hossain,Female,16,C,84,64,69,52,87.5,67.25,A-,Yes
S0145,Rahim Islam,Female,16,D,70,27,44,76,89.4,54.25,B,Yes
S0146,Sakib Hossain,Female,21,D,61,62,72,48,81.8,60.75,A-,Yes
S0147,Niloy Ghosh,Male,14,C,68,42,73,22,96.2,51.25,B,Yes
S0148,Kavis Karim,Female,20,D,73,67,83,96,96.1,79.75,A,Yes
S0149,Mithun Chandra,Female,14,B,31,36,56,60,92.1,45.75,C,Yes
S0150,Taslima Chandra,Female,15,B,51,65,54,46,76.7,54.0,B,Yes
S0151,Sakib Basu,Female,17,D,48,34,50,83,80.4,53.75,B,Yes
S0152,Niloy Biswas,Male,20,C,100,71,70,41,93.6,70.5,A,Yes
S0153,Lubna Nath,Male,15,B,54,64,100,57,97.2,68.75,A-,Yes
S0154,Rumana Mollah,Female,16,B,52,61,97,46,100.0,64.0,A-,Yes
S0155,Nadia Basu,Male,14,D,77,50,77,81,93.0,71.25,A,Yes
S0156,Niloy Nath,Male,14,B,36,47,62,58,93.0,50.75,B,Yes
S0157,Biplab Mia,Female,21,A,68,35,73,73,92.5,62.25,A-,Yes
S0158,Fatima Mollah,Female,17,D,84,78,74,58,74.7,73.5,A,Yes
S0159,Sakib Basu,Male,16,C,72,66,71,31,79.4,60.0,A-,Yes
S0160,Taslima Chowdhury,Male,18,C,83,61,78,60,88.2,70.5,A,Yes
S0161,Niloy Karim,Male,18,D,81,51,68,49,84.5,62.25,A-,Yes
S0162,Jahid Haque,Female,21,A,59,66,58,87,80.8,67.5,A-,Yes
S0163,Roksana Islam,Female,19,C,61,53,91,64,96.3,67.25,A-,Yes
S0164,Arif Chowdhury,Male,14,C,38,67,82,61,96.5,62.0,A-,Yes
S0165,Lubna Islam,Female,16,D,55,90,100,52,84.4,74.25,A,Yes
S0166,Mahfuz Biswas,Female,16,D,91,93,58,50,85.7,73.0,A,Yes
S0167,Kavis Chowdhury,Male,20,C,40,43,49,43,87.7,43.75,C,Yes
S0168,Rana Karim,Female,19,D,69,93,50,81,86.3,73.25,A,Yes
S0169,Kavis Mia,Female,20,A,64,75,47,68,89.3,63.5,A-,Yes
S0170,Niloy Chowdhury,Male,19,A,73,67,100,45,83.8,71.25,A,Yes
S0171,Shamim Haque,Female,14,D,53,50,56,86,99.4,61.25,A-,Yes
S0172,Fahim Islam,Male,19,D,54,45,75,47,93.1,55.25,B,Yes
S0173,Niloy Islam,Male,22,B,68,31,93,99,83.1,72.75,A,Yes
S0174,Biplab Biswas,Female,21,A,58,67,72,74,100.0,67.75,A-,Yes
S0175,Arif Nath,Female,16,C,61,46,43,43,87.7,48.25,C,Yes
S0176,Sadia Hossain,Female,15,B,97,51,70,59,97.5,69.25,A-,Yes
S0177,Sakib Biswas,Female,16,D,100,51,58,82,93.5,72.75,A,Yes
S0178,Biplab Haque,Female,20,D,98,73,60,72,96.9,75.75,A,Yes
S0179,Kavis Dewan,Male,16,D,79,72,85,85,99.1,80.25,A+,Yes
S0180,Rumana Nath,Female,16,A,76,58,69,86,81.5,72.25,A,Yes
S0181,Jahid Sultana,Male,22,C,71,54,67,88,89.5,70.0,A,Yes
S0182,Arif Mia,Female,21,B,65,34,79,74,100.0,63.0,A-,Yes
S0183,Niloy Basu,Male,19,D,59,66,71,94,87.2,72.5,A,Yes
S0184,Niloy Ghosh,Female,17,D,70,74,70,50,89.6,66.0,A-,Yes
S0185,Fatima Sultana,Male,21,D,84,41,69,44,97.6,59.5,B,Yes
S0186,Shamim Ahmed,Male,14,B,37,50,73,94,87.5,63.5,A-,Yes
S0187,Mahfuz Chandra,Male,15,D,55,99,42,11,91.5,51.75,B,Yes
S0188,Sakib Haque,Female,14,B,55,41,79,65,83.5,60.0,A-,Yes
S0189,Fahim Ahmed,Male,18,C,41,79,78,57,100.0,63.75,A-,Yes
S0190,Roksana Bhuiyan,Female,19,D,45,31,55,58,89.9,47.25,C,Yes
S0191,Rana Rahman,Female,14,A,60,69,45,91,87.3,66.25,A-,Yes
S0192,Fatima Mia,Female,15,D,85,68,74,72,91.6,74.75,A,Yes
S0193,Sakib Karim,Male,18,A,76,88,70,75,87.3,77.25,A,Yes
S0194,Rahim Ghosh,Female,18,C,90,48,97,59,76.6,73.5,A,Yes
S0195,Shuvo Sultana,Male,22,D,67,48,81,45,84.4,60.25,A-,Yes
S0196,Lubna Khan,Male,15,D,30,52,25,25,94.1,33.0,F,No
S0197,Roksana Dewan,Male,16,B,79,70,50,58,88.0,64.25,A-,Yes
S0198,Niloy Mollah,Male,14,D,44,92,81,55,88.2,68.0,A-,Yes
S0199,Biplab Basu,Male,21,C,68,21,62,44,80.0,48.75,C,Yes
S0200,Lubna Mia,Female,20,C,59,97,77,47,92.6,70.0,A,Yes
S0201,Niloy Mia,Male,20,D,90,80,68,45,93.6,70.75,A,Yes
S0202,Sakib Dewan,Male,19,C,72,79,77,83,83.7,77.75,A,Yes
S0203,Biplab Hossain,Female,20,C,88,65,100,44,100.0,74.25,A,Yes
S0204,Arif Chandra,Female,14,D,68,48,58,52,91.4,56.5,B,Yes
S0205,Biplab Dewan,Female,19,B,74,50,66,100,100.0,72.5,A,Yes
S0206,Rumana Nath,Male,16,A,72,62,69,73,79.8,69.0,A-,Yes
S0207,Rahim Mia,Female,14,C,60,28,73,74,84.1,58.75,B,Yes
S0208,Taslima Chowdhury,Female,19,D,93,37,42,64,96.4,59.0,B,Yes
S0209,Nadia Sarker,Male,22,C,95,52,85,59,86.6,72.75,A,Yes
S0210,Mahfuz Haque,Female,16,C,80,75,40,92,99.0,71.75,A,Yes
S0211,Kavis Mia,Female,19,A,53,69,75,65,83.6,65.5,A-,Yes
S0212,Niloy Chowdhury,Male,17,D,52,61,86,71,85.0,67.5,A-,Yes
S0213,Sadia Roy,Male,20,A,78,5,86,21,85.1,47.5,C,Yes
S0214,Jahid Basu,Male,19,C,44,36,86,49,90.8,53.75,B,Yes
S0215,Lubna Bhuiyan,Female,19,A,64,71,68,31,96.0,58.5,B,Yes
S0216,Fatima Rahman,Male,22,C,56,30,59,93,94.8,59.5,B,Yes
S0217,Roksana Dewan,Female,21,C,58,55,61,100,91.1,68.5,A-,Yes
S0218,Fahim Karim,Male,14,C,72,82,71,54,86.4,69.75,A-,Yes
S0219,Kavis Karim,Male,22,B,63,61,79,61,93.9,66.0,A-,Yes
S0220,Shamim Biswas,Male,22,D,63,63,33,80,90.8,59.75,B,Yes
S0221,Lubna Ahmed,Female,15,D,82,4,100,56,96.9,60.5,A-,Yes
S0222,Roksana Sultana,Female,18,A,46,74,49,46,100.0,53.75,B,Yes
S0223,Shuvo Sarker,Male,17,C,61,66,81,70,89.2,69.5,A-,Yes
S0224,Sakib Roy,Female,19,A,71,100,66,64,96.4,75.25,A,Yes
S0225,Shamim Mollah,Male,15,D,84,85,77,34,100.0,70.0,A,Yes
S0226,Mithun Sarker,Female,14,A,44,68,54,58,90.6,56.0,B,Yes
S0227,Rana Dewan,Female,17,A,70,70,94,69,86.0,75.75,A,Yes
S0228,Sadia Sarker,Female,17,C,82,85,46,73,93.6,71.5,A,Yes
S0229,Taslima Nath,Male,16,B,59,89,64,62,86.6,68.5,A-,Yes
S0230,Sadia Mollah,Female,15,A,65,40,42,95,81.2,60.5,A-,Yes
S0231,Taslima Hossain,Male,17,C,47,18,56,30,100.0,37.75,F,No
S0232,Arif Khan,Male,16,D,83,48,100,81,85.4,78.0,A,Yes
S0233,Mahfuz Karim,Female,21,D,20,100,43,23,96.2,46.5,C,Yes
S0234,Shuvo Haque,Female,21,B,100,89,76,73,94.8,84.5,A+,Yes
S0235,Roksana Islam,Female,22,C,78,67,68,58,82.0,67.75,A-,Yes
S0236,Niloy Hossain,Male,21,D,59,28,65,38,79.2,47.5,C,Yes
S0237,Fahim Karim,Male,21,A,68,89,82,25,80.1,66.0,A-,Yes
S0238,Mithun Ghosh,Female,15,B,81,42,63,72,80.3,64.5,A-,Yes
S0239,Jahid Nath,Female,22,C,66,35,56,67,75.3,56.0,B,Yes
S0240,Shamim Nath,Female,21,D,72,61,76,64,98.9,68.25,A-,Yes
S0241,Sakib Karim,Female,22,B,67,53,69,71,88.4,65.0,A-,Yes
S0242,Fahim Biswas,Female,20,C,65,47,55,29,100.0,49.0,C,Yes
S0243,Niloy Bhuiyan,Male,15,C,42,48,54,79,85.6,55.75,B,Yes
S0244,Fahim Ghosh,Female,19,B,87,48,71,41,100.0,61.75,A-,Yes
S0245,Kavis Chowdhury,Male,15,A,43,68,77,69,86.5,64.25,A-,Yes
S0246,Fahim Karim,Female,19,B,62,62,64,81,100.0,67.25,A-,Yes
S0247,Sadia Islam,Female,22,C,54,34,65,100,81.6,63.25,A-,Yes
S0248,Sakib Sultana,Male,20,A,94,95,57,72,100.0,79.5,A,Yes
S0249,Biplab Nath,Male,15,B,58,57,57,37,82.8,52.25,B,Yes
S0250,Taslima Rahman,Male,15,C,42,62,53,65,75.6,55.5,B,Yes
S0251,Sadia Roy,Male,18,B,70,78,33,68,97.8,62.25,A-,Yes
S0252,Fahim Basu,Female,22,A,43,95,74,44,87.6,64.0,A-,Yes
S0253,Roksana Mollah,Male,18,C,75,63,76,39,89.4,63.25,A-,Yes
S0254,Rana Roy,Male,16,D,39,59,51,43,97.9,48.0,C,Yes
S0255,Mithun Ahmed,Female,14,A,84,74,48,53,97.7,64.75,A-,Yes
S0256,Mahfuz Sarker,Male,21,C,67,100,73,64,85.5,76.0,A,Yes
S0257,Nadia Roy,Male,19,A,67,58,79,81,81.7,71.25,A,Yes
S0258,Rahim Ahmed,Male,14,A,41,25,75,35,70.8,44.0,C,Yes
S0259,Jahid Biswas,Female,21,D,71,100,66,78,88.7,78.75,A,Yes
S0260,Fahim Mollah,Male,22,A,63,80,62,65,90.6,67.5,A-,Yes
S0261,Shuvo Sultana,Male,21,C,52,81,64,43,92.3,60.0,A-,Yes
S0262,Rahim Dewan,Male,14,A,48,62,66,83,91.8,64.75,A-,Yes
S0263,Rumana Mia,Female,16,C,64,78,90,72,88.1,76.0,A,Yes
S0264,Biplab Ghosh,Male,21,D,41,40,61,46,86.5,47.0,C,Yes
S0265,Nadia Ahmed,Male,17,C,66,72,65,70,88.5,68.25,A-,Yes
S0266,Mithun Bhuiyan,Female,14,D,29,43,64,33,92.8,42.25,C,Yes
S0267,Arif Biswas,Female,19,D,92,86,63,92,89.2,83.25,A+,Yes
S0268,Lubna Bhuiyan,Female,20,C,58,49,61,51,89.4,54.75,B,Yes
S0269,Sakib Bhuiyan,Male,19,B,67,62,74,86,95.6,72.25,A,Yes
S0270,Roksana Biswas,Female,19,A,38,10,82,29,86.2,39.75,F,No
S0271,Fahim Karim,Male,20,A,43,25,76,76,83.4,55.0,B,Yes
S0272,Shamim Mia,Female,17,C,18,51,73,27,89.5,42.25,C,Yes
S0273,Nadia Chowdhury,Female,15,B,64,73,69,38,97.6,61.0,A-,Yes
S0274,Shuvo Roy,Female,16,B,62,61,51,50,80.9,56.0,B,Yes
S0275,Sakib Ahmed,Male,16,B,61,96,43,24,99.8,56.0,B,Yes
S0276,Mithun Khan,Female,21,D,61,48,84,46,100.0,59.75,B,Yes
S0277,Lubna Chandra,Male,19,C,77,52,100,46,93.9,68.75,A-,Yes
S0278,Taslima Biswas,Male,21,C,70,88,93,60,82.0,77.75,A,Yes
S0279,Jahid Chandra,Male,22,A,73,48,100,63,85.1,71.0,A,Yes
S0280,Biplab Biswas,Male,14,C,68,35,50,86,82.7,59.75,B,Yes
S0281,Biplab Chowdhury,Female,15,D,46,72,87,75,96.0,70.0,A,Yes
S0282,Niloy Chandra,Female,14,D,51,33,92,52,86.0,57.0,B,Yes
S0283,Lubna Sarker,Male,21,B,88,73,74,100,82.9,83.75,A+,Yes
S0284,Rahim Biswas,Male,19,A,81,63,71,93,92.1,77.0,A,Yes
S0285,Mahfuz Khan,Male,21,D,74,83,60,41,79.6,64.5,A-,Yes
S0286,Mahfuz Haque,Female,19,C,29,100,48,55,85.8,58.0,B,Yes
S0287,Biplab Bhuiyan,Male,19,A,70,78,81,47,86.7,69.0,A-,Yes
S0288,Rana Chowdhury,Male,22,D,70,57,94,70,93.9,72.75,A,Yes
S0289,Biplab Mollah,Female,16,C,76,85,70,31,91.2,65.5,A-,Yes
S0290,Mithun Chandra,Female,19,C,53,51,76,87,88.2,66.75,A-,Yes
S0291,Shamim Ahmed,Female,15,C,70,96,71,100,92.5,84.25,A+,Yes
S0292,Sadia Bhuiyan,Female,19,B,33,77,73,88,93.4,67.75,A-,Yes
S0293,Mahfuz Chowdhury,Female,20,C,62,37,63,41,83.4,50.75,B,Yes
S0294,Arif Roy,Male,17,C,75,95,73,33,91.6,69.0,A-,Yes
S0295,Kavis Sarker,Male,16,B,86,49,64,60,81.7,64.75,A-,Yes
S0296,Mithun Mia,Female,15,A,76,59,74,40,84.5,62.25,A-,Yes
S0297,Rana Nath,Male,20,B,78,54,96,51,89.8,69.75,A-,Yes
S0298,Nadia Khan,Female,16,D,81,33,37,26,98.1,44.25,C,Yes
S0299,Rahim Sultana,Male,17,D,55,100,57,64,100.0,69.0,A-,Yes
S0300,Roksana Mia,Female,21,B,100,100,87,82,92.7,92.25,A+,Yes
S0301,Sadia Dewan,Male,21,B,79,50,53,59,86.6,60.25,A-,Yes
S0302,Shuvo Chandra,Female,21,C,56,75,83,61,99.8,68.75,A-,Yes
S0303,Shamim Haque,Female,16,B,44,58,54,18,87.3,43.5,C,Yes
S0304,Roksana Ahmed,Female,14,D,62,92,77,37,100.0,67.0,A-,Yes
S0305,Shuvo Basu,Female,22,A,86,73,63,38,85.0,65.0,A-,Yes
S0306,Biplab Chowdhury,Female,18,D,84,99,93,49,79.0,81.25,A+,Yes
S0307,Mahfuz Ahmed,Female,15,B,67,26,72,56,84.3,55.25,B,Yes
S0308,Niloy Roy,Female,20,A,36,72,57,34,65.0,49.75,C,Yes
S0309,Shamim Haque,Male,20,A,64,97,95,49,83.2,76.25,A,Yes
S0310,Shuvo Dewan,Male,15,C,73,42,72,76,97.8,65.75,A-,Yes
S0311,Taslima Ahmed,Male,21,B,63,57,52,41,86.2,53.25,B,Yes
S0312,Kavis Biswas,Female,15,A,71,80,53,92,85.8,74.0,A,Yes
S0313,Jahid Sarker,Female,22,D,64,47,25,79,93.9,53.75,B,Yes
S0314,Sakib Mia,Male,15,A,59,63,75,25,83.8,55.5,B,Yes
S0315,Fatima Sultana,Female,21,A,79,36,71,30,91.7,54.0,B,Yes
S0316,Sakib Rahman,Female,14,B,64,29,86,43,81.5,55.5,B,Yes
S0317,Taslima Mia,Male,19,B,68,84,49,61,91.4,65.5,A-,Yes
S0318,Lubna Sultana,Male,15,C,77,65,60,41,88.7,60.75,A-,Yes
S0319,Mithun Haque,Female,22,A,45,3,74,79,69.1,50.25,B,Yes
S0320,Shamim Rahman,Male,20,C,46,74,100,60,82.2,70.0,A,Yes
S0321,Jahid Hossain,Male,15,C,61,89,56,42,84.1,62.0,A-,Yes
S0322,Fatima Karim,Female,19,B,47,64,94,67,86.0,68.0,A-,Yes
S0323,Rahim Roy,Female,16,D,59,30,82,58,86.6,57.25,B,Yes
S0324,Kavis Khan,Female,15,D,100,67,54,50,97.2,67.75,A-,Yes
S0325,Rahim Mia,Male,17,A,67,33,82,45,100.0,56.75,B,Yes
S0326,Rana Mia,Female,22,D,84,53,88,61,94.8,71.5,A,Yes
S0327,Jahid Islam,Female,17,C,73,45,56,82,85.3,64.0,A-,Yes
S0328,Shuvo Islam,Female,19,C,57,42,74,100,79.5,68.25,A-,Yes
S0329,Sakib Roy,Male,20,D,65,90,65,69,79.5,72.25,A,Yes
S0330,Shamim Ghosh,Female,21,D,72,58,83,86,100.0,74.75,A,Yes
S0331,Shuvo Haque,Male,15,D,75,68,70,52,90.7,66.25,A-,Yes
S0332,Mithun Sultana,Female,16,C,59,65,89,37,97.1,62.5,A-,Yes
S0333,Rana Karim,Male,18,C,88,59,30,46,98.4,55.75,B,Yes
S0334,Niloy Nath,Female,16,D,64,42,58,78,92.4,60.5,A-,Yes
S0335,Shuvo Biswas,Male,19,D,60,54,60,39,100.0,53.25,B,Yes
S0336,Jahid Islam,Male,20,C,59,86,92,81,84.5,79.5,A,Yes
S0337,Mahfuz Khan,Female,16,D,72,61,51,67,78.6,62.75,A-,Yes
S0338,Rahim Ahmed,Male,19,C,86,52,70,66,85.9,68.5,A-,Yes
S0339,Shamim Chandra,Male,16,D,75,52,81,30,89.0,59.5,B,Yes
S0340,Shuvo Roy,Male,15,B,99,41,55,71,89.4,66.5,A-,Yes
S0341,Mahfuz Roy,Male,18,B,71,71,77,84,91.3,75.75,A,Yes
S0342,Sakib Hossain,Female,21,D,60,75,99,57,80.2,72.75,A,Yes
S0343,Sadia Karim,Male,18,D,84,59,30,78,83.7,62.75,A-,Yes
S0344,Rumana Nath,Male,21,B,63,68,70,75,84.5,69.0,A-,Yes
S0345,Sakib Ahmed,Female,21,B,74,56,79,73,80.5,70.5,A,Yes
S0346,Niloy Chowdhury,Female,19,C,84,51,80,68,100.0,70.75,A,Yes
S0347,Mithun Basu,Female,18,B,60,55,66,53,94.4,58.5,B,Yes
S0348,Nadia Roy,Female,15,B,35,40,48,80,100.0,50.75,B,Yes
S0349,Taslima Dewan,Female,14,C,63,58,68,85,80.6,68.5,A-,Yes
S0350,Sadia Chandra,Male,22,B,69,81,75,64,96.0,72.25,A,Yes
S0351,Roksana Chowdhury,Male,20,D,16,75,55,19,92.1,41.25,C,Yes
S0352,Mahfuz Sultana,Female,15,B,89,59,83,95,98.5,81.5,A+,Yes
S0353,Rana Chowdhury,Male,22,C,94,76,68,24,86.0,65.5,A-,Yes
S0354,Taslima Basu,Female,16,B,49,100,64,62,92.4,68.75,A-,Yes
S0355,Fahim Haque,Female,14,A,65,95,56,64,82.1,70.0,A,Yes
S0356,Mahfuz Ahmed,Male,16,C,41,49,66,50,82.5,51.5,B,Yes
S0357,Fatima Roy,Female,22,C,39,60,41,76,88.7,54.0,B,Yes
S0358,Mithun Mollah,Male,22,C,38,55,54,67,98.7,53.5,B,Yes
S0359,Taslima Mia,Female,15,B,31,64,64,74,89.7,58.25,B,Yes
S0360,Lubna Chandra,Male,19,A,51,55,53,83,88.2,60.5,A-,Yes
S0361,Arif Chowdhury,Male,18,B,99,60,54,26,73.6,59.75,B,Yes
S0362,Lubna Sultana,Female,14,D,36,67,75,25,95.2,50.75,B,Yes
S0363,Sadia Mia,Female,18,D,56,64,94,79,85.9,73.25,A,Yes
S0364,Fatima Bhuiyan,Male,15,A,48,18,54,55,80.1,43.75,C,Yes
S0365,Nadia Biswas,Male,21,B,62,63,63,45,89.3,58.25,B,Yes
S0366,Rana Nath,Male,19,C,72,40,90,57,88.2,64.75,A-,Yes
S0367,Shamim Ahmed,Female,22,A,77,66,83,66,83.1,73.0,A,Yes
S0368,Rana Dewan,Male,18,D,71,39,68,59,86.3,59.25,B,Yes
S0369,Fatima Ahmed,Male,18,D,62,24,57,62,89.3,51.25,B,Yes
S0370,Roksana Sultana,Male,16,C,46,87,52,81,91.4,66.5,A-,Yes
S0371,Lubna Ghosh,Male,16,D,53,97,46,80,96.0,69.0,A-,Yes
S0372,Mahfuz Biswas,Male,18,D,52,89,62,66,90.1,67.25,A-,Yes
S0373,Arif Chowdhury,Female,22,D,62,78,80,21,98.4,60.25,A-,Yes
S0374,Fatima Sarker,Female,14,A,35,82,86,35,84.7,59.5,B,Yes
S0375,Biplab Rahman,Female,21,C,45,57,61,77,98.5,60.0,A-,Yes
S0376,Sadia Hossain,Female,20,B,90,50,63,22,81.6,56.25,B,Yes
S0377,Jahid Roy,Female,19,A,82,94,46,46,87.8,67.0,A-,Yes
S0378,Shamim Islam,Female,17,C,70,45,74,49,87.9,59.5,B,Yes
S0379,Sadia Mia,Male,22,D,74,62,59,57,87.3,63.0,A-,Yes
S0380,Sadia Mollah,Female,15,B,58,56,94,72,85.6,70.0,A,Yes
S0381,Sakib Bhuiyan,Male,19,C,77,55,86,68,87.1,71.5,A,Yes
S0382,Taslima Sarker,Female,20,A,73,30,47,33,89.1,45.75,C,Yes
S0383,Rahim Islam,Male,19,D,96,100,77,71,73.6,86.0,A+,Yes
S0384,Mahfuz Biswas,Male,22,B,55,46,56,56,84.2,53.25,B,Yes
S0385,Rana Nath,Male,20,C,29,76,48,65,100.0,54.5,B,Yes
S0386,Lubna Ghosh,Female,22,D,48,11,62,84,100.0,51.25,B,Yes
S0387,Lubna Mia,Male,14,C,42,71,59,57,100.0,57.25,B,Yes
S0388,Rana Karim,Female,18,A,37,67,74,83,88.8,65.25,A-,Yes
S0389,Roksana Rahman,Male,17,A,70,54,71,52,93.0,61.75,A-,Yes
S0390,Lubna Rahman,Male,20,B,58,69,66,84,87.6,69.25,A-,Yes
S0391,Fatima Islam,Female,15,B,33,87,51,45,83.2,54.0,B,Yes
S0392,Arif Biswas,Male,16,D,89,19,100,83,89.8,72.75,A,Yes
S0393,Rumana Sultana,Female,21,A,64,67,75,74,92.4,70.0,A,Yes
S0394,Taslima Haque,Male,19,D,66,58,64,55,97.1,60.75,A-,Yes
S0395,Mahfuz Bhuiyan,Male,16,D,75,3,78,64,87.9,55.0,B,Yes
S0396,Sadia Ghosh,Female,18,D,58,84,83,42,91.3,66.75,A-,Yes
S0397,Rumana Dewan,Male,18,B,47,34,56,78,95.6,53.75,B,Yes
S0398,Biplab Mia,Female,21,C,74,76,75,45,91.5,67.5,A-,Yes
S0399,Kavis Roy,Female,18,C,79,77,87,75,90.8,79.5,A,Yes
S0400,Sakib Chandra,Female,20,D,84,61,52,56,82.0,63.25,A-,Yes
S0401,Shuvo Ahmed,Male,18,A,52,59,53,53,72.9,54.25,B,Yes
S0402,Shuvo Biswas,Female,21,B,68,62,53,74,95.5,64.25,A-,Yes
S0403,Rumana Basu,Male,22,C,36,46,53,39,94.6,43.5,C,Yes
S0404,Taslima Karim,Female,17,B,61,56,32,73,78.1,55.5,B,Yes
S0405,Rahim Haque,Male,17,A,66,67,90,31,63.8,63.5,A-,Yes
S0406,Sakib Sultana,Male,21,A,68,98,88,64,84.1,79.5,A,Yes
S0407,Taslima Hossain,Female,16,D,79,42,75,71,96.5,66.75,A-,Yes
S0408,Kavis Rahman,Female,18,C,100,69,58,59,73.8,71.5,A,Yes
S0409,Biplab Islam,Female,15,B,52,53,58,63,81.4,56.5,B,Yes
S0410,Sadia Islam,Female,16,D,85,62,66,52,89.2,66.25,A-,Yes
S0411,Nadia Islam,Female,20,D,79,44,55,53,77.2,57.75,B,Yes
S0412,Nadia Mia,Female,14,C,50,52,81,65,89.5,62.0,A-,Yes
S0413,Lubna Nath,Male,19,C,80,59,73,57,90.1,67.25,A-,Yes
S0414,Niloy Basu,Female,16,D,54,13,64,91,95.4,55.5,B,Yes
S0415,Jahid Sarker,Female,19,B,82,86,68,64,83.1,75.0,A,Yes
S0416,Niloy Mollah,Female,14,C,59,74,87,56,84.4,69.0,A-,Yes
S0417,Biplab Chandra,Female,17,B,65,74,42,9,83.6,47.5,C,Yes
S0418,Roksana Bhuiyan,Female,22,C,43,51,64,50,99.6,52.0,B,Yes
S0419,Mithun Bhuiyan,Female,16,B,70,68,77,34,96.3,62.25,A-,Yes
S0420,Kavis Ghosh,Female,14,C,63,75,48,25,94.5,52.75,B,Yes
S0421,Shamim Dewan,Male,18,C,71,43,52,84,78.5,62.5,A-,Yes
S0422,Biplab Chandra,Female,14,C,94,43,77,52,92.8,66.5,A-,Yes
S0423,Shuvo Dewan,Male,15,D,55,58,67,37,93.9,54.25,B,Yes
S0424,Biplab Khan,Male,22,C,55,57,50,3,86.5,41.25,C,Yes
S0425,Sakib Mia,Male,17,B,100,77,66,54,88.2,74.25,A,Yes
S0426,Taslima Rahman,Male,19,D,74,38,85,75,93.7,68.0,A-,Yes
S0427,Sadia Rahman,Female,17,B,72,62,78,73,85.2,71.25,A,Yes
S0428,Roksana Chowdhury,Female,22,C,54,64,93,32,76.3,60.75,A-,Yes
S0429,Mithun Chandra,Male,22,B,67,63,69,65,86.2,66.0,A-,Yes
S0430,Lubna Basu,Male,19,D,91,29,52,57,74.9,57.25,B,Yes
S0431,Sakib Sarker,Female,21,A,61,95,67,65,77.9,72.0,A,Yes
S0432,Mahfuz Biswas,Female,21,B,53,54,61,88,92.5,64.0,A-,Yes
S0433,Mahfuz Sultana,Male,14,D,44,66,75,85,100.0,67.5,A-,Yes
S0434,Biplab Hossain,Male,14,B,46,45,45,54,91.7,47.5,C,Yes
S0435,Lubna Chowdhury,Male,19,A,82,60,61,63,81.3,66.5,A-,Yes
S0436,Sadia Islam,Female,15,D,100,29,70,100,88.1,74.75,A,Yes
S0437,Rahim Mia,Male,16,D,61,54,63,90,70.3,67.0,A-,Yes
S0438,Shuvo Bhuiyan,Male,20,D,92,33,62,50,92.7,59.25,B,Yes
S0439,Mithun Basu,Male,19,A,36,71,100,30,89.5,59.25,B,Yes
S0440,Nadia Basu,Male,16,B,53,70,67,45,91.9,58.75,B,Yes
S0441,Arif Hossain,Female,21,D,97,58,79,31,80.3,66.25,A-,Yes
S0442,Sadia Bhuiyan,Female,17,D,73,91,73,53,88.0,72.5,A,Yes
S0443,Shuvo Ahmed,Male,15,A,42,74,81,50,84.2,61.75,A-,Yes
S0444,Fahim Nath,Female,14,B,69,53,65,100,86.0,71.75,A,Yes
S0445,Rumana Chowdhury,Male,14,D,58,49,79,56,82.8,60.5,A-,Yes
S0446,Roksana Islam,Male,14,D,88,90,56,18,96.1,63.0,A-,Yes
S0447,Niloy Dewan,Female,14,B,52,77,33,79,78.3,60.25,A-,Yes
S0448,Mahfuz Mia,Male,19,C,78,62,50,51,93.5,60.25,A-,Yes
S0449,Fatima Mia,Female,22,B,66,73,100,25,100.0,66.0,A-,Yes
S0450,Fahim Mia,Male,22,B,66,44,44,55,95.4,52.25,B,Yes
S0451,Fahim Basu,Male,19,D,62,92,42,59,78.0,63.75,A-,Yes
S0452,Mahfuz Ghosh,Female,20,B,71,79,59,2,89.6,52.75,B,Yes
S0453,Biplab Bhuiyan,Male,22,D,72,70,88,36,93.4,66.5,A-,Yes
S0454,Fatima Dewan,Male,16,D,86,26,72,48,87.3,58.0,B,Yes
S0455,Rahim Basu,Male,20,B,71,52,55,60,79.3,59.5,B,Yes
S0456,Shamim Dewan,Male,19,A,45,75,47,74,91.7,60.25,A-,Yes
S0457,Niloy Roy,Male,17,A,33,48,87,38,84.3,51.5,B,Yes
S0458,Jahid Bhuiyan,Female,14,A,73,77,62,46,99.4,64.5,A-,Yes
S0459,Rumana Chandra,Female,22,B,96,81,68,42,81.4,71.75,A,Yes
S0460,Kavis Sarker,Female,19,C,74,70,90,74,76.0,77.0,A,Yes
S0461,Arif Sarker,Female,15,D,83,42,60,65,100.0,62.5,A-,Yes
S0462,Fatima Nath,Female,20,B,100,74,63,71,95.1,77.0,A,Yes
S0463,Sadia Ghosh,Female,20,D,59,97,70,70,93.3,74.0,A,Yes
S0464,Sadia Roy,Male,19,D,72,78,56,47,79.2,63.25,A-,Yes
S0465,Niloy Karim,Female,21,C,72,77,74,96,88.0,79.75,A,Yes
S0466,Rumana Roy,Male,14,B,77,40,60,75,94.8,63.0,A-,Yes
S0467,Taslima Hossain,Male,20,C,59,60,41,52,95.1,53.0,B,Yes
S0468,Taslima Sarker,Male,20,B,75,72,67,60,82.7,68.5,A-,Yes
S0469,Kavis Basu,Female,19,C,77,70,75,48,70.8,67.5,A-,Yes
S0470,Kavis Rahman,Male,19,B,84,52,52,75,84.9,65.75,A-,Yes
S0471,Taslima Basu,Male,22,A,84,74,78,29,97.7,66.25,A-,Yes
S0472,Mahfuz Islam,Female,15,A,69,54,69,20,91.3,53.0,B,Yes
S0473,Arif Sultana,Male,17,A,46,34,41,84,83.0,51.25,B,Yes
S0474,Taslima Hossain,Male,21,C,92,51,37,35,97.9,53.75,B,Yes
S0475,Rahim Nath,Female,21,D,62,51,69,71,96.9,63.25,A-,Yes
S0476,Arif Hossain,Female,20,A,91,54,44,50,90.1,59.75,B,Yes
S0477,Arif Haque,Female,22,C,47,42,72,58,88.3,54.75,B,Yes
S0478,Arif Haque,Female,20,B,51,57,51,79,96.3,59.5,B,Yes
S0479,Sakib Karim,Female,17,B,31,43,41,45,87.3,40.0,C,Yes
S0480,Roksana Haque,Male,19,C,38,43,49,64,88.6,48.5,C,Yes
S0481,Shamim Chowdhury,Male,20,D,52,65,57,54,100.0,57.0,B,Yes
S0482,Lubna Dewan,Female,17,C,89,36,81,77,78.8,70.75,A,Yes
S0483,Mithun Islam,Male,20,D,79,92,47,39,96.1,64.25,A-,Yes
S0484,Sadia Rahman,Male,14,B,69,73,72,68,77.4,70.5,A,Yes
S0485,Mithun Rahman,Female,19,A,83,85,63,59,75.8,72.5,A,Yes
S0486,Mahfuz Islam,Male,21,C,74,73,65,84,85.3,74.0,A,Yes
S0487,Rahim Chowdhury,Female,18,A,75,41,66,56,89.8,59.5,B,Yes
S0488,Nadia Ghosh,Male,17,B,58,59,81,50,75.1,62.0,A-,Yes
S0489,Shamim Chowdhury,Male,17,D,96,89,45,75,84.0,76.25,A,Yes
S0490,Sadia Ghosh,Male,16,A,69,67,63,42,82.5,60.25,A-,Yes
S0491,Mahfuz Roy,Male,20,B,48,45,65,44,93.5,50.5,B,Yes
S0492,Mithun Ghosh,Female,20,C,91,50,71,70,91.8,70.5,A,Yes
S0493,Arif Mollah,Female,21,D,66,76,75,32,95.0,62.25,A-,Yes
S0494,Fatima Roy,Female,20,D,80,46,67,75,86.3,67.0,A-,Yes
S0495,Nadia Chandra,Female,15,C,84,100,53,29,90.4,66.5,A-,Yes
S0496,Fatima Chowdhury,Male,16,D,77,57,91,30,93.5,63.75,A-,Yes
S0497,Taslima Bhuiyan,Male,15,A,54,96,100,43,83.6,73.25,A,Yes
S0498,Arif Mia,Male,18,A,80,54,66,60,72.6,65.0,A-,Yes
S0499,Taslima Chowdhury,Male,21,D,64,48,58,91,77.9,65.25,A-,Yes
S0500,Sakib Hossain,Male,22,A,79,56,62,77,90.7,68.5,A-,Yes
S0501,Roksana Nath,Female,20,A,75,81,61,46,79.3,65.75,A-,Yes
S0502,Biplab Sultana,Male,15,B,50,100,88,30,77.4,67.0,A-,Yes
S0503,Lubna Haque,Male,20,B,73,72,76,54,87.0,68.75,A-,Yes
S0504,Taslima Mollah,Male,21,B,70,63,29,54,81.2,54.0,B,Yes
S0505,Mithun Khan,Male,20,C,68,100,73,53,95.4,73.5,A,Yes
S0506,Kavis Chowdhury,Male,17,D,73,70,77,100,79.0,80.0,A+,Yes
S0507,Roksana Nath,Male,15,B,73,43,76,39,84.7,57.75,B,Yes
S0508,Biplab Hossain,Female,19,D,59,81,82,32,88.4,63.5,A-,Yes
S0509,Rana Biswas,Male,16,C,52,36,63,53,100.0,51.0,B,Yes
S0510,Rana Nath,Female,17,D,72,34,57,82,100.0,61.25,A-,Yes
S0511,Rana Khan,Female,19,C,36,24,98,68,81.1,56.5,B,Yes
S0512,Kavis Chandra,Female,19,D,74,9,67,67,95.4,54.25,B,Yes
S0513,Jahid Bhuiyan,Male,17,B,46,63,51,65,80.8,56.25,B,Yes
S0514,Sadia Hossain,Female,21,B,57,42,78,78,86.1,63.75,A-,Yes
S0515,Niloy Mia,Female,15,D,65,33,61,58,100.0,54.25,B,Yes
S0516,Kavis Ahmed,Female,17,C,44,91,83,66,100.0,71.0,A,Yes
S0517,Taslima Sultana,Female,15,D,71,69,66,86,96.8,73.0,A,Yes
S0518,Roksana Rahman,Female,22,D,53,35,63,42,87.5,48.25,C,Yes
S0519,Sadia Islam,Female,19,A,87,52,66,61,94.8,66.5,A-,Yes
S0520,Sakib Dewan,Female,19,B,24,49,70,86,84.1,57.25,B,Yes
S0521,Roksana Islam,Female,20,C,31,74,56,33,83.0,48.5,C,Yes
S0522,Fahim Karim,Male,18,B,61,49,29,79,98.2,54.5,B,Yes
S0523,Mahfuz Haque,Female,17,D,76,39,63,59,92.8,59.25,B,Yes
S0524,Shuvo Bhuiyan,Male,22,B,77,47,68,70,99.6,65.5,A-,Yes
S0525,Shuvo Hossain,Male,18,D,77,77,68,91,91.3,78.25,A,Yes
S0526,Mithun Karim,Female,16,C,49,90,78,50,84.2,66.75,A-,Yes
S0527,Biplab Ghosh,Male,17,D,70,71,70,66,100.0,69.25,A-,Yes
S0528,Shuvo Rahman,Male,21,C,84,65,83,37,91.2,67.25,A-,Yes
S0529,Mithun Mia,Male,15,A,97,57,52,45,79.3,62.75,A-,Yes
S0530,Rana Karim,Female,16,B,50,54,43,60,95.2,51.75,B,Yes
S0531,Mahfuz Khan,Female,19,D,48,92,75,82,82.7,74.25,A,Yes
S0532,Niloy Dewan,Female,16,B,80,40,82,63,92.4,66.25,A-,Yes
S0533,Fahim Bhuiyan,Male,17,D,43,44,77,39,91.7,50.75,B,Yes
S0534,Lubna Sultana,Male,17,B,40,78,46,72,93.0,59.0,B,Yes
S0535,Jahid Chowdhury,Female,22,B,52,73,71,48,79.9,61.0,A-,Yes
S0536,Shuvo Ghosh,Male,15,C,29,68,40,62,85.9,49.75,C,Yes
S0537,Kavis Haque,Female,19,D,77,55,61,76,90.7,67.25,A-,Yes
S0538,Roksana Bhuiyan,Female,19,C,70,71,40,76,92.9,64.25,A-,Yes
S0539,Niloy Nath,Male,18,A,46,57,66,57,90.7,56.5,B,Yes
S0540,Taslima Ghosh,Male,18,A,90,83,44,73,98.6,72.5,A,Yes
S0541,Nadia Roy,Female,22,D,71,83,100,82,90.0,84.0,A+,Yes
S0542,Fahim Nath,Male,20,D,83,64,67,52,100.0,66.5,A-,Yes
S0543,Nadia Rahman,Female,16,B,50,92,75,29,90.9,61.5,A-,Yes
S0544,Kavis Mia,Male,19,D,27,74,82,46,89.0,57.25,B,Yes
S0545,Roksana Islam,Female,14,D,100,51,48,92,100.0,72.75,A,Yes
S0546,Taslima Sarker,Female,22,D,65,82,89,43,84.1,69.75,A-,Yes
S0547,Fahim Rahman,Male,21,D,87,95,76,40,100.0,74.5,A,Yes
S0548,Nadia Chowdhury,Female,17,C,55,55,72,94,94.8,69.0,A-,Yes
S0549,Rahim Mollah,Male,18,B,72,71,67,72,67.8,70.5,A,Yes
S0550,Niloy Chandra,Female,21,A,59,66,47,68,86.4,60.0,A-,Yes
S0551,Lubna Karim,Male,22,C,96,93,59,56,87.4,76.0,A,Yes
S0552,Sadia Islam,Female,21,B,56,65,54,35,93.0,52.5,B,Yes
S0553,Fahim Karim,Female,17,C,76,45,82,46,90.0,62.25,A-,Yes
S0554,Rahim Biswas,Male,15,D,79,61,74,48,86.4,65.5,A-,Yes
S0555,Sakib Dewan,Male,19,D,61,47,63,25,84.1,49.0,C,Yes
S0556,Nadia Nath,Male,17,B,59,56,62,58,91.8,58.75,B,Yes
S0557,Rahim Chandra,Male,18,B,80,49,46,37,84.1,53.0,B,Yes
S0558,Rana Mia,Male,18,A,58,46,44,49,89.5,49.25,C,Yes
S0559,Taslima Sultana,Female,18,B,75,50,59,39,87.7,55.75,B,Yes
S0560,Taslima Dewan,Male,19,B,49,73,36,52,90.4,52.5,B,Yes
S0561,Shamim Rahman,Male,18,D,68,100,72,37,87.2,69.25,A-,Yes
S0562,Shamim Biswas,Male,15,D,33,60,52,80,83.6,56.25,B,Yes
S0563,Mahfuz Mollah,Female,19,D,62,49,96,52,100.0,64.75,A-,Yes
S0564,Kavis Ghosh,Female,15,D,79,71,73,68,72.6,72.75,A,Yes
S0565,Shuvo Chowdhury,Female,20,B,59,78,66,29,87.6,58.0,B,Yes
S0566,Fahim Sarker,Male,19,C,95,86,65,80,85.1,81.5,A+,Yes
S0567,Rana Basu,Female,21,C,34,43,93,53,86.1,55.75,B,Yes
S0568,Rahim Islam,Male,21,A,59,100,94,100,86.7,88.25,A+,Yes
S0569,Sakib Khan,Male,14,D,70,31,92,34,89.7,56.75,B,Yes
S0570,Rumana Ahmed,Female,18,B,45,50,52,46,83.7,48.25,C,Yes
S0571,Jahid Chowdhury,Female,18,A,55,78,48,64,97.7,61.25,A-,Yes
S0572,Shuvo Khan,Male,18,B,55,47,63,85,89.6,62.5,A-,Yes
S0573,Fahim Chowdhury,Female,14,B,55,71,48,74,91.3,62.0,A-,Yes
S0574,Kavis Chowdhury,Male,17,D,59,45,51,71,97.8,56.5,B,Yes
S0575,Arif Hossain,Female,15,D,53,71,31,47,87.8,50.5,B,Yes
S0576,Taslima Rahman,Male,20,A,48,43,55,66,86.5,53.0,B,Yes
S0577,Sakib Karim,Male,18,B,24,19,56,70,66.0,42.25,C,Yes
S0578,Shamim Ahmed,Female,16,A,56,51,90,51,91.1,62.0,A-,Yes
S0579,Mahfuz Chandra,Male,16,D,67,19,80,64,92.1,57.5,B,Yes
S0580,Shuvo Sarker,Female,16,D,100,20,96,53,90.3,67.25,A-,Yes
S0581,Roksana Biswas,Female,15,A,64,53,57,67,75.9,60.25,A-,Yes
S0582,Taslima Karim,Female,20,C,78,53,47,50,98.1,57.0,B,Yes
S0583,Fahim Ghosh,Female,17,C,55,69,54,76,93.5,63.5,A-,Yes
S0584,Mithun Dewan,Female,18,A,98,58,78,62,98.4,74.0,A,Yes
S0585,Biplab Sarker,Female,22,B,52,76,63,58,88.7,62.25,A-,Yes
S0586,Shamim Mia,Female,17,D,69,59,70,94,95.9,73.0,A,Yes
S0587,Shamim Karim,Male,15,A,80,52,51,81,95.0,66.0,A-,Yes
S0588,Shuvo Ghosh,Male,20,C,91,49,63,23,84.9,56.5,B,Yes
S0589,Sadia Khan,Female,15,A,82,52,77,55,90.6,66.5,A-,Yes
S0590,Lubna Chowdhury,Male,17,A,44,63,16,55,75.0,44.5,C,Yes
S0591,Rahim Bhuiyan,Female,22,D,86,77,74,93,80.4,82.5,A+,Yes
S0592,Fahim Bhuiyan,Male,22,B,96,80,62,84,79.1,80.5,A+,Yes
S0593,Jahid Chowdhury,Male,22,B,50,49,58,36,97.8,48.25,C,Yes
S0594,Taslima Basu,Male,15,C,60,69,57,19,90.2,51.25,B,Yes
S0595,Fahim Dewan,Male,15,D,30,60,43,100,95.3,58.25,B,Yes
S0596,Sakib Biswas,Female,14,C,66,87,52,71,89.6,69.0,A-,Yes
S0597,Nadia Karim,Male,16,A,69,87,79,66,74.8,75.25,A,Yes
S0598,Nadia Rahman,Female,22,C,47,59,68,35,100.0,52.25,B,Yes
S0599,Nadia Roy,Male,18,A,92,74,68,55,80.4,72.25,A,Yes
S0600,Arif Ghosh,Female,18,A,66,67,45,67,86.8,61.25,A-,Yes
S0601,Jahid Chandra,Female,21,D,30,44,59,100,92.5,58.25,B,Yes
S0602,Mahfuz Roy,Male,16,C,40,71,40,83,84.2,58.5,B,Yes
S0603,Nadia Mollah,Female,15,B,63,88,45,29,83.3,56.25,B,Yes
S0604,Mahfuz Hossain,Male,14,B,83,31,18,50,92.4,45.5,C,Yes
S0605,Rahim Rahman,Male,16,B,86,52,60,85,73.0,70.75,A,Yes
S0606,Rahim Basu,Female,20,B,58,65,74,48,88.3,61.25,A-,Yes
S0607,Rana Dewan,Male,19,C,20,48,74,38,88.5,45.0,C,Yes
S0608,Mithun Chandra,Male,22,A,73,55,69,38,86.3,58.75,B,Yes
S0609,Nadia Dewan,Female,14,D,75,65,57,64,93.7,65.25,A-,Yes
S0610,Mithun Biswas,Female,18,C,28,85,61,69,97.6,60.75,A-,Yes
S0611,Mithun Basu,Male,19,B,40,47,62,42,100.0,47.75,C,Yes
S0612,Biplab Chandra,Female,17,D,49,50,70,33,84.8,50.5,B,Yes
S0613,Shuvo Chandra,Female,17,B,70,55,65,48,75.9,59.5,B,Yes
S0614,Taslima Hossain,Female,14,B,70,97,67,64,93.5,74.5,A,Yes
S0615,Sadia Roy,Female,14,C,42,96,70,95,82.1,75.75,A,Yes
S0616,Arif Bhuiyan,Female,18,A,97,77,76,65,86.0,78.75,A,Yes
S0617,Rumana Haque,Female,20,D,86,64,33,35,86.5,54.5,B,Yes
S0618,Rahim Ahmed,Female,15,A,70,60,87,17,89.1,58.5,B,Yes
S0619,Fatima Haque,Male,19,D,32,77,65,69,81.1,60.75,A-,Yes
S0620,Mithun Chandra,Male,16,D,88,82,76,57,92.6,75.75,A,Yes
S0621,Mithun Chandra,Female,20,B,52,79,95,83,82.2,77.25,A,Yes
S0622,Fatima Mia,Male,19,D,71,36,76,69,73.0,63.0,A-,Yes
S0623,Rana Ghosh,Male,17,A,44,56,61,33,91.1,48.5,C,Yes
S0624,Rumana Ahmed,Female,15,B,69,58,54,83,100.0,66.0,A-,Yes
S0625,Sakib Khan,Male,19,D,56,49,75,52,86.9,58.0,B,Yes
S0626,Sakib Basu,Male,17,D,78,23,89,61,84.7,62.75,A-,Yes
S0627,Biplab Biswas,Male,15,A,63,61,37,92,88.3,63.25,A-,Yes
S0628,Nadia Mia,Female,14,B,72,81,49,70,85.9,68.0,A-,Yes
S0629,Rana Ahmed,Male,17,C,80,19,65,46,91.5,52.5,B,Yes
S0630,Shamim Haque,Male,18,C,73,47,54,57,80.8,57.75,B,Yes
S0631,Nadia Hossain,Female,21,B,80,54,17,51,79.7,50.5,B,Yes
S0632,Sakib Biswas,Male,16,A,35,37,68,89,90.5,57.25,B,Yes
S0633,Arif Islam,Female,17,B,54,71,59,44,78.8,57.0,B,Yes
S0634,Rumana Bhuiyan,Male,15,C,33,54,69,57,84.7,53.25,B,Yes
S0635,Mithun Hossain,Female,17,D,47,74,44,77,80.0,60.5,A-,Yes
S0636,Taslima Chowdhury,Female,19,A,51,32,58,81,92.1,55.5,B,Yes
S0637,Rahim Biswas,Male,20,D,82,72,48,52,81.8,63.5,A-,Yes
S0638,Kavis Hossain,Male,20,B,88,38,82,79,100.0,71.75,A,Yes
S0639,Shuvo Sarker,Female,18,C,57,76,100,46,75.7,69.75,A-,Yes
S0640,Niloy Ahmed,Male,17,C,31,76,34,51,91.5,48.0,C,Yes
S0641,Kavis Sultana,Female,21,A,68,70,70,88,80.4,74.0,A,Yes
S0642,Mithun Mollah,Male,20,B,52,46,81,79,91.6,64.5,A-,Yes
S0643,Mahfuz Dewan,Female,22,A,86,38,95,93,93.9,78.0,A,Yes
S0644,Shamim Roy,Male,21,C,97,28,58,43,93.8,56.5,B,Yes
S0645,Lubna Haque,Male,18,B,46,77,90,75,90.3,72.0,A,Yes
S0646,Arif Ghosh,Female,14,C,47,45,88,77,87.7,64.25,A-,Yes
S0647,Rahim Rahman,Female,17,B,57,21,48,100,77.8,56.5,B,Yes
S0648,Sakib Dewan,Female,18,A,68,82,45,64,95.5,64.75,A-,Yes
S0649,Fatima Chandra,Female,20,C,65,100,38,83,86.6,71.5,A,Yes
S0650,Nadia Khan,Male,19,C,78,70,54,65,73.1,66.75,A-,Yes
S0651,Lubna Hossain,Female,19,B,75,67,77,83,90.9,75.5,A,Yes
S0652,Lubna Sarker,Female,21,C,67,44,54,86,99.5,62.75,A-,Yes
S0653,Nadia Rahman,Male,14,B,60,62,51,85,93.3,64.5,A-,Yes
S0654,Roksana Dewan,Male,21,A,99,44,60,65,93.2,67.0,A-,Yes
S0655,Rana Nath,Male,16,C,61,44,81,75,80.7,65.25,A-,Yes
S0656,Nadia Ghosh,Male,16,B,89,85,69,61,92.4,76.0,A,Yes
S0657,Sakib Haque,Female,15,C,49,62,30,79,75.5,55.0,B,Yes
S0658,Shamim Chandra,Male,18,C,92,55,63,46,85.7,64.0,A-,Yes
S0659,Taslima Khan,Female,20,D,90,12,88,67,78.3,64.25,A-,Yes
S0660,Rana Khan,Female,22,C,45,95,50,34,97.1,56.0,B,Yes
S0661,Fatima Chandra,Female,20,C,71,43,70,37,96.8,55.25,B,Yes
S0662,Biplab Ahmed,Male,14,D,84,72,73,98,88.0,81.75,A+,Yes
S0663,Lubna Islam,Male,19,B,43,70,100,37,85.1,62.5,A-,Yes
S0664,Lubna Karim,Female,16,C,72,60,50,84,100.0,66.5,A-,Yes
S0665,Mithun Dewan,Male,19,B,68,43,40,65,96.8,54.0,B,Yes
S0666,Mithun Ghosh,Male,18,B,73,61,56,35,94.7,56.25,B,Yes
S0667,Fatima Chowdhury,Male,15,A,81,31,94,72,99.2,69.5,A-,Yes
S0668,Rahim Bhuiyan,Male,20,B,40,34,64,71,100.0,52.25,B,Yes
S0669,Fahim Rahman,Female,19,D,77,57,49,87,80.3,67.5,A-,Yes
S0670,Sakib Rahman,Female,17,B,94,56,94,74,86.9,79.5,A,Yes
S0671,Niloy Chowdhury,Female,14,C,55,55,74,61,83.2,61.25,A-,Yes
S0672,Arif Ghosh,Male,15,A,62,63,30,70,80.2,56.25,B,Yes
S0673,Rana Khan,Female,16,A,44,28,36,30,82.3,34.5,F,No
S0674,Sadia Chowdhury,Male,21,A,100,51,70,68,89.0,72.25,A,Yes
S0675,Fahim Khan,Female,20,B,63,38,91,99,74.5,72.75,A,Yes
S0676,Rahim Karim,Male,17,D,46,56,50,71,82.2,55.75,B,Yes
S0677,Sadia Basu,Male,18,C,100,85,70,82,96.8,84.25,A+,Yes
S0678,Fatima Karim,Male,22,D,54,45,68,78,89.1,61.25,A-,Yes
S0679,Taslima Islam,Male,20,A,36,45,65,58,100.0,51.0,B,Yes
S0680,Biplab Nath,Male,15,A,40,72,92,100,84.8,76.0,A,Yes
S0681,Rumana Khan,Female,15,D,73,73,70,57,91.5,68.25,A-,Yes
S0682,Sakib Mia,Female,21,D,19,75,69,55,100.0,54.5,B,Yes
S0683,Jahid Chowdhury,Female,20,B,52,53,100,41,83.6,61.5,A-,Yes
S0684,Shuvo Bhuiyan,Male,21,A,62,78,70,31,83.7,60.25,A-,Yes
S0685,Jahid Biswas,Male,17,C,54,60,74,69,73.8,64.25,A-,Yes
S0686,Lubna Islam,Male,15,A,84,67,90,69,96.8,77.5,A,Yes
S0687,Shuvo Basu,Male,17,A,73,88,75,57,100.0,73.25,A,Yes
S0688,Shamim Haque,Male,22,D,81,73,45,31,90.3,57.5,B,Yes
S0689,Lubna Dewan,Male,15,D,67,49,69,94,93.6,69.75,A-,Yes
S0690,Rahim Haque,Female,22,B,44,59,53,51,84.7,51.75,B,Yes
S0691,Sakib Biswas,Male,16,B,56,36,64,47,64.6,50.75,B,Yes
S0692,Rumana Ahmed,Male,15,D,100,83,60,60,78.6,75.75,A,Yes
S0693,Rumana Ahmed,Female,18,C,95,99,69,82,89.4,86.25,A+,Yes
S0694,Mithun Chowdhury,Male,20,C,40,53,69,49,86.3,52.75,B,Yes
S0695,Jahid Haque,Male,14,D,63,60,67,36,82.3,56.5,B,Yes
S0696,Sakib Sultana,Male,15,A,41,81,31,85,99.1,59.5,B,Yes
S0697,Lubna Karim,Female,22,C,59,9,60,58,79.9,46.5,C,Yes
S0698,Fahim Mollah,Male,21,D,55,92,78,39,75.2,66.0,A-,Yes
S0699,Rahim Khan,Male,16,D,59,57,75,48,92.1,59.75,B,Yes
S0700,Rahim Bhuiyan,Female,19,B,99,78,66,55,85.1,74.5,A,Yes
S0701,Rahim Rahman,Female,19,A,86,49,67,61,84.0,65.75,A-,Yes
S0702,Rana Mia,Male,21,A,40,68,65,71,83.7,61.0,A-,Yes
S0703,Fatima Ahmed,Male,21,C,86,44,96,21,91.5,61.75,A-,Yes
S0704,Jahid Sultana,Female,15,B,73,46,74,88,70.3,70.25,A,Yes
S0705,Niloy Sarker,Female,20,D,74,12,50,95,83.3,57.75,B,Yes
S0706,Mahfuz Roy,Female,22,B,43,58,100,19,79.6,55.0,B,Yes
S0707,Mithun Mia,Female,20,B,91,99,65,32,100.0,71.75,A,Yes
S0708,Mahfuz Chandra,Male,17,B,93,75,53,58,86.7,69.75,A-,Yes
S0709,Rahim Dewan,Male,14,C,70,91,81,36,99.0,69.5,A-,Yes
S0710,Rumana Mollah,Male,21,D,70,75,91,35,87.7,67.75,A-,Yes
S0711,Sakib Hossain,Male,21,D,55,30,72,100,73.3,64.25,A-,Yes
S0712,Nadia Rahman,Female,19,C,64,74,69,57,77.6,66.0,A-,Yes
S0713,Nadia Mollah,Female,15,C,69,46,29,86,95.7,57.5,B,Yes
S0714,Arif Bhuiyan,Male,17,B,65,66,85,64,95.2,70.0,A,Yes
S0715,Fatima Sarker,Male,20,A,59,88,72,64,77.8,70.75,A,Yes
S0716,Arif Rahman,Female,16,A,70,45,56,42,79.5,53.25,B,Yes
S0717,Fatima Mollah,Female,18,C,100,88,99,33,88.6,80.0,A+,Yes
S0718,Fahim Bhuiyan,Female,21,C,41,48,51,87,84.8,56.75,B,Yes
S0719,Rumana Biswas,Male,22,D,84,74,100,27,98.1,71.25,A,Yes
S0720,Lubna Karim,Male,19,C,85,42,84,67,86.2,69.5,A-,Yes
S0721,Biplab Karim,Male,19,C,50,47,100,60,94.3,64.25,A-,Yes
S0722,Rana Mollah,Male,18,B,50,46,85,30,84.7,52.75,B,Yes
S0723,Taslima Haque,Female,14,D,65,64,63,68,93.5,65.0,A-,Yes
S0724,Rana Ahmed,Female,21,C,78,42,62,86,95.2,67.0,A-,Yes
S0725,Jahid Sultana,Male,14,B,40,69,33,61,100.0,50.75,B,Yes
S0726,Rana Dewan,Female,21,C,47,45,79,26,82.9,49.25,C,Yes
S0727,Mahfuz Mia,Female,22,B,75,49,62,76,91.4,65.5,A-,Yes
S0728,Biplab Karim,Male,18,B,69,55,73,57,91.7,63.5,A-,Yes
S0729,Rana Chowdhury,Male,17,C,56,58,50,59,81.5,55.75,B,Yes
S0730,Fahim Ghosh,Male,18,D,44,67,70,77,84.6,64.5,A-,Yes
S0731,Sakib Rahman,Male,15,D,72,73,74,41,89.2,65.0,A-,Yes
S0732,Rumana Haque,Male,20,C,71,62,31,63,100.0,56.75,B,Yes
S0733,Fahim Islam,Female,16,B,58,47,73,66,97.5,61.0,A-,Yes
S0734,Rumana Ghosh,Male,21,B,42,76,77,56,90.7,62.75,A-,Yes
S0735,Rana Khan,Female,21,C,83,79,47,78,87.5,71.75,A,Yes
S0736,Nadia Ghosh,Female,14,D,66,63,64,86,87.3,69.75,A-,Yes
S0737,Jahid Sarker,Female,16,B,44,54,70,87,92.8,63.75,A-,Yes
S0738,Kavis Chowdhury,Male,20,D,49,100,71,88,86.8,77.0,A,Yes
S0739,Shamim Sultana,Female,20,A,74,78,87,83,95.0,80.5,A+,Yes
S0740,Rahim Basu,Male,19,A,59,50,72,80,86.2,65.25,A-,Yes
S0741,Rana Haque,Male,14,B,84,91,51,41,86.9,66.75,A-,Yes
S0742,Fatima Roy,Male,15,D,70,51,89,69,88.3,69.75,A-,Yes
S0743,Mahfuz Chandra,Male,15,A,39,35,71,13,96.1,39.5,F,No
S0744,Biplab Mia,Male,22,C,62,100,100,56,87.1,79.5,A,Yes
S0745,Fahim Ahmed,Male,21,C,82,96,39,20,83.0,59.25,B,Yes
S0746,Rumana Khan,Female,20,A,75,71,85,33,69.5,66.0,A-,Yes
S0747,Fatima Dewan,Female,16,B,80,45,32,63,94.3,55.0,B,Yes
S0748,Arif Chandra,Female,15,C,62,52,64,51,77.2,57.25,B,Yes
S0749,Rahim Bhuiyan,Female,18,A,52,72,72,63,80.0,64.75,A-,Yes
S0750,Roksana Islam,Female,14,A,61,18,70,91,76.2,60.0,A-,Yes
S0751,Sakib Sultana,Male,15,C,54,68,88,50,82.5,65.0,A-,Yes
S0752,Kavis Ahmed,Male,14,C,29,64,100,66,87.8,64.75,A-,Yes
S0753,Fahim Karim,Female,18,B,70,61,53,78,89.8,65.5,A-,Yes
S0754,Fahim Karim,Female,15,C,65,42,89,74,83.6,67.5,A-,Yes
S0755,Sakib Karim,Male,17,C,83,52,53,43,73.8,57.75,B,Yes
S0756,Mahfuz Sarker,Male,20,C,73,25,46,14,87.3,39.5,F,No
S0757,Nadia Islam,Female,17,D,62,55,49,34,91.7,50.0,B,Yes
S0758,Rana Dewan,Male,15,A,55,68,51,63,98.4,59.25,B,Yes
S0759,Lubna Rahman,Male,15,A,75,53,71,54,88.1,63.25,A-,Yes
S0760,Sakib Mollah,Female,21,C,59,58,70,38,79.9,56.25,B,Yes
S0761,Jahid Biswas,Male,16,A,40,29,46,63,80.9,44.5,C,Yes
S0762,Biplab Roy,Female,19,D,74,62,33,74,94.5,60.75,A-,Yes
S0763,Sakib Karim,Female,14,A,47,70,52,62,77.9,57.75,B,Yes
S0764,Taslima Khan,Male,21,C,32,54,64,51,78.5,50.25,B,Yes
S0765,Mithun Roy,Female,16,A,57,67,66,64,82.6,63.5,A-,Yes
S0766,Shamim Bhuiyan,Female,18,D,86,38,75,86,91.8,71.25,A,Yes
S0767,Kavis Sultana,Female,16,A,61,51,84,28,80.2,56.0,B,Yes
S0768,Taslima Islam,Female,16,A,57,86,73,38,85.5,63.5,A-,Yes
S0769,Fahim Chandra,Male,21,B,53,47,83,29,100.0,53.0,B,Yes
S0770,Roksana Bhuiyan,Female,14,B,79,83,59,56,76.5,69.25,A-,Yes
S0771,Kavis Rahman,Male,20,D,55,71,89,35,85.1,62.5,A-,Yes
S0772,Rahim Chowdhury,Male,19,A,62,34,77,44,86.4,54.25,B,Yes
S0773,Mahfuz Chandra,Female,17,C,56,46,66,55,85.0,55.75,B,Yes
S0774,Mahfuz Haque,Female,15,D,51,68,95,63,96.0,69.25,A-,Yes
S0775,Fatima Rahman,Male,20,B,39,65,48,27,82.1,44.75,C,Yes
S0776,Sadia Nath,Male,16,D,86,81,71,26,86.4,66.0,A-,Yes
S0777,Kavis Khan,Male,21,C,70,65,35,40,87.5,52.5,B,Yes
S0778,Fatima Ghosh,Female,14,B,74,18,64,63,94.8,54.75,B,Yes
S0779,Sadia Bhuiyan,Male,17,A,77,73,53,18,84.9,55.25,B,Yes
S0780,Niloy Biswas,Female,21,A,83,89,79,69,91.0,80.0,A+,Yes
S0781,Kavis Biswas,Male,21,A,54,59,95,39,100.0,61.75,A-,Yes
S0782,Sakib Bhuiyan,Male,22,A,59,88,43,72,82.1,65.5,A-,Yes
S0783,Mithun Nath,Female,18,B,39,66,84,41,76.0,57.5,B,Yes
S0784,Niloy Ghosh,Male,14,B,63,60,76,80,87.5,69.75,A-,Yes
S0785,Niloy Ghosh,Female,21,C,98,66,61,24,85.9,62.25,A-,Yes
S0786,Niloy Karim,Male,17,A,58,81,74,34,89.4,61.75,A-,Yes
S0787,Rana Roy,Female,18,C,77,92,82,76,88.5,81.75,A+,Yes
S0788,Sakib Islam,Female,21,B,71,86,44,52,81.8,63.25,A-,Yes
S0789,Fahim Karim,Male,17,B,71,86,56,7,84.7,55.0,B,Yes
S0790,Sakib Bhuiyan,Male,17,C,81,72,74,53,77.8,70.0,A,Yes
S0791,Sakib Sultana,Male,15,D,74,45,100,72,83.4,72.75,A,Yes
S0792,Niloy Chandra,Female,16,D,53,60,62,84,89.5,64.75,A-,Yes
S0793,Arif Haque,Female,22,D,51,99,67,76,83.1,73.25,A,Yes
S0794,Lubna Rahman,Female,16,B,71,68,34,100,98.3,68.25,A-,Yes
S0795,Taslima Karim,Male,19,D,57,39,72,61,90.8,57.25,B,Yes
S0796,Fahim Nath,Female,17,C,68,72,91,72,79.6,75.75,A,Yes
S0797,Shamim Ghosh,Female,21,B,89,94,100,35,89.9,79.5,A,Yes
S0798,Taslima Sultana,Female,22,C,27,73,57,100,81.8,64.25,A-,Yes
S0799,Sadia Ghosh,Female,22,B,34,52,33,76,71.5,48.75,C,Yes
S0800,Rumana Sarker,Female,18,C,65,20,61,96,90.9,60.5,A-,Yes
S0801,Taslima Khan,Female,19,A,49,61,67,70,77.1,61.75,A-,Yes
S0802,Shuvo Basu,Male,20,C,75,7,56,49,93.1,46.75,C,Yes
S0803,Fahim Hossain,Female,14,D,65,33,50,64,87.4,53.0,B,Yes
S0804,Taslima Islam,Female,17,C,54,52,78,48,87.3,58.0,B,Yes
S0805,Nadia Mia,Female,16,A,100,33,35,77,82.6,61.25,A-,Yes
S0806,Biplab Sarker,Female,14,C,59,46,62,95,94.4,65.5,A-,Yes
S0807,Niloy Karim,Female,22,B,80,33,47,0,81.5,40.0,C,Yes
S0808,Sadia Bhuiyan,Male,18,A,82,72,63,59,82.5,69.0,A-,Yes
S0809,Shamim Bhuiyan,Male,19,A,68,77,39,66,95.5,62.5,A-,Yes
S0810,Arif Mollah,Male,21,B,57,76,100,57,91.1,72.5,A,Yes
S0811,Shuvo Chandra,Female,17,B,51,65,74,64,79.8,63.5,A-,Yes
S0812,Biplab Biswas,Male,15,B,68,91,74,81,86.1,78.5,A,Yes
S0813,Nadia Haque,Male,14,D,78,67,50,67,80.1,65.5,A-,Yes
S0814,Jahid Basu,Male,16,C,53,65,72,33,96.4,55.75,B,Yes
S0815,Arif Ghosh,Male,16,A,75,47,40,56,84.4,54.5,B,Yes
S0816,Taslima Ghosh,Female,18,D,67,54,32,51,85.6,51.0,B,Yes
S0817,Lubna Basu,Male,19,B,76,48,95,17,98.5,59.0,B,Yes
S0818,Nadia Haque,Male,22,B,60,79,68,85,84.9,73.0,A,Yes
S0819,Fahim Basu,Female,15,C,45,90,65,64,97.9,66.0,A-,Yes
S0820,Fatima Sarker,Female,19,C,46,73,56,57,88.6,58.0,B,Yes
S0821,Biplab Sarker,Female,22,D,37,46,89,79,87.5,62.75,A-,Yes
S0822,Sadia Hossain,Male,19,D,69,56,90,55,89.9,67.5,A-,Yes
S0823,Fatima Nath,Female,17,A,85,46,93,26,100.0,62.5,A-,Yes
S0824,Rana Bhuiyan,Female,15,D,58,57,34,49,79.7,49.5,C,Yes
S0825,Jahid Basu,Female,14,C,54,59,83,64,90.5,65.0,A-,Yes
S0826,Mahfuz Haque,Male,14,C,45,44,97,43,100.0,57.25,B,Yes
S0827,Rumana Ghosh,Female,15,B,60,62,85,87,87.1,73.5,A,Yes
S0828,Sadia Basu,Male,15,B,58,60,72,79,88.0,67.25,A-,Yes
S0829,Rumana Sultana,Female,17,D,76,94,73,66,75.8,77.25,A,Yes
S0830,Mithun Ahmed,Male,19,A,17,69,65,48,89.9,49.75,C,Yes
S0831,Mithun Chowdhury,Male,18,A,63,84,68,43,95.9,64.5,A-,Yes
S0832,Lubna Dewan,Female,20,D,61,72,58,45,88.7,59.0,B,Yes
S0833,Niloy Bhuiyan,Male,14,D,65,71,62,19,84.5,54.25,B,Yes
S0834,Sakib Basu,Male,15,A,79,56,62,81,82.3,69.5,A-,Yes
S0835,Mithun Roy,Female,15,C,37,58,58,38,86.6,47.75,C,Yes
S0836,Biplab Nath,Male,21,D,73,61,72,99,85.3,76.25,A,Yes
S0837,Shamim Hossain,Male,22,B,70,51,52,47,84.2,55.0,B,Yes
S0838,Taslima Bhuiyan,Female,22,C,71,100,54,50,87.5,68.75,A-,Yes
S0839,Taslima Mia,Female,19,A,72,67,88,6,68.9,58.25,B,Yes
S0840,Sadia Basu,Male,14,A,56,83,40,0,92.6,44.75,C,Yes
S0841,Lubna Nath,Male,22,A,69,40,50,38,88.9,49.25,C,Yes
S0842,Biplab Sarker,Female,19,B,53,71,18,41,79.0,45.75,C,Yes
S0843,Fahim Haque,Male,16,B,60,51,80,19,88.4,52.5,B,Yes
S0844,Roksana Mollah,Male,16,A,75,99,58,67,73.6,74.75,A,Yes
S0845,Sadia Biswas,Female,15,C,21,78,66,85,77.0,62.5,A-,Yes
S0846,Mithun Mollah,Male,21,C,74,99,74,66,88.1,78.25,A,Yes
S0847,Shuvo Ahmed,Female,17,A,36,89,56,71,75.5,63.0,A-,Yes
S0848,Biplab Nath,Male,17,C,43,90,61,91,87.4,71.25,A,Yes
S0849,Kavis Biswas,Male,18,B,31,79,56,75,88.2,60.25,A-,Yes
S0850,Lubna Chandra,Male,19,D,37,65,100,70,87.5,68.0,A-,Yes
S0851,Nadia Hossain,Male,17,D,84,66,70,35,89.9,63.75,A-,Yes
S0852,Jahid Roy,Male,19,D,83,45,91,57,80.9,69.0,A-,Yes
S0853,Niloy Biswas,Male,18,D,82,56,79,53,87.5,67.5,A-,Yes
S0854,Sadia Karim,Male,15,C,73,67,33,35,95.4,52.0,B,Yes
S0855,Taslima Basu,Male,15,A,62,51,43,36,71.8,48.0,C,Yes
S0856,Arif Haque,Female,20,B,63,50,50,58,90.9,55.25,B,Yes
S0857,Rahim Basu,Male,22,D,100,31,86,81,81.8,74.5,A,Yes
S0858,Taslima Roy,Male,18,B,68,52,70,93,92.8,70.75,A,Yes
S0859,Niloy Haque,Female,20,C,74,53,41,55,97.7,55.75,B,Yes
S0860,Mahfuz Hossain,Female,16,B,37,40,69,38,81.7,46.0,C,Yes
S0861,Niloy Khan,Male,16,D,57,34,50,75,77.5,54.0,B,Yes
S0862,Shuvo Islam,Male,21,B,36,49,79,55,84.3,54.75,B,Yes
S0863,Mithun Mollah,Male,14,B,65,27,75,68,84.7,58.75,B,Yes
S0864,Mahfuz Roy,Male,21,A,83,39,86,63,85.3,67.75,A-,Yes
S0865,Rahim Ghosh,Male,22,C,64,59,87,36,81.9,61.5,A-,Yes
S0866,Jahid Chandra,Female,16,D,83,50,82,97,84.8,78.0,A,Yes
S0867,Shamim Roy,Female,15,C,77,38,79,64,91.8,64.5,A-,Yes
S0868,Shamim Dewan,Female,19,C,53,28,75,14,85.5,42.5,C,Yes
S0869,Kavis Rahman,Female,14,B,81,65,100,82,82.8,82.0,A+,Yes
S0870,Niloy Khan,Male,22,C,65,61,40,39,83.5,51.25,B,Yes
S0871,Rumana Ahmed,Male,19,A,28,62,62,23,91.2,43.75,C,Yes
S0872,Fatima Sultana,Female,15,D,77,66,61,73,93.4,69.25,A-,Yes
S0873,Kavis Rahman,Male,16,D,70,45,71,86,83.2,68.0,A-,Yes
S0874,Arif Dewan,Male,16,B,100,51,67,45,89.8,65.75,A-,Yes
S0875,Mahfuz Islam,Female,16,A,33,51,48,62,96.0,48.5,C,Yes
S0876,Nadia Mollah,Female,22,D,76,14,100,66,81.8,64.0,A-,Yes
S0877,Roksana Chandra,Female,18,A,67,65,55,64,83.1,62.75,A-,Yes
S0878,Rumana Biswas,Female,21,D,57,48,42,63,92.7,52.5,B,Yes
S0879,Nadia Dewan,Female,16,B,74,78,72,48,94.7,68.0,A-,Yes
S0880,Roksana Haque,Male,19,D,40,43,50,83,95.5,54.0,B,Yes
S0881,Roksana Chandra,Male,20,D,73,83,52,67,87.0,68.75,A-,Yes
S0882,Taslima Karim,Male,22,D,80,59,60,71,95.0,67.5,A-,Yes
S0883,Taslima Nath,Male,21,A,52,60,49,5,89.6,41.5,C,Yes
S0884,Sadia Haque,Female,15,D,75,67,33,52,70.3,56.75,B,Yes
S0885,Taslima Nath,Female,14,D,89,40,88,80,80.8,74.25,A,Yes
S0886,Mahfuz Sultana,Male,14,D,44,69,52,62,84.1,56.75,B,Yes
S0887,Fatima Rahman,Female,20,C,32,17,70,47,83.6,41.5,C,Yes
S0888,Lubna Chandra,Male,16,C,77,85,62,52,92.0,69.0,A-,Yes
S0889,Kavis Dewan,Female,15,C,40,66,76,74,72.5,64.0,A-,Yes
S0890,Roksana Basu,Male,17,A,51,44,68,70,100.0,58.25,B,Yes
S0891,Arif Chandra,Female,22,A,56,52,86,66,98.1,65.0,A-,Yes
S0892,Shamim Sarker,Female,19,D,70,38,44,25,93.3,44.25,C,Yes
S0893,Shuvo Karim,Male,18,C,86,98,81,85,83.4,87.5,A+,Yes
S0894,Sadia Sultana,Female,18,D,44,79,74,62,91.1,64.75,A-,Yes
S0895,Rumana Sultana,Female,22,D,70,87,89,71,94.8,79.25,A,Yes
S0896,Nadia Roy,Female,21,C,74,52,79,29,96.4,58.5,B,Yes
S0897,Biplab Chandra,Male,20,B,43,67,52,72,87.7,58.5,B,Yes
S0898,Sakib Dewan,Male,16,A,36,70,57,79,88.0,60.5,A-,Yes
S0899,Rumana Haque,Male,19,A,72,42,56,49,94.9,54.75,B,Yes
S0900,Nadia Bhuiyan,Female,14,A,95,45,85,12,78.4,59.25,B,Yes
S0901,Taslima Rahman,Female,20,A,47,34,40,69,86.3,47.5,C,Yes
S0902,Mithun Mollah,Male,15,A,71,75,71,74,87.4,72.75,A,Yes
S0903,Shamim Bhuiyan,Female,22,C,43,83,56,39,86.6,55.25,B,Yes
S0904,Roksana Islam,Female,16,D,48,53,72,67,80.8,60.0,A-,Yes
S0905,Niloy Hossain,Male,22,C,56,83,75,100,97.4,78.5,A,Yes
S0906,Rumana Islam,Female,22,B,85,34,79,58,83.6,64.0,A-,Yes
S0907,Roksana Khan,Female,19,B,68,80,75,40,93.9,65.75,A-,Yes
S0908,Arif Khan,Male,18,D,53,66,61,55,94.1,58.75,B,Yes
S0909,Shuvo Bhuiyan,Male,17,A,46,100,36,46,91.0,57.0,B,Yes
S0910,Mithun Chowdhury,Female,22,C,75,59,66,69,86.2,67.25,A-,Yes
S0911,Shuvo Mollah,Male,17,D,90,78,81,38,87.4,71.75,A,Yes
S0912,Shamim Chandra,Male,16,D,59,41,73,48,93.2,55.25,B,Yes
S0913,Mahfuz Karim,Female,22,C,45,96,51,64,94.3,64.0,A-,Yes
S0914,Rana Karim,Female,18,C,54,79,46,91,88.1,67.5,A-,Yes
S0915,Niloy Bhuiyan,Female,17,C,54,56,80,47,82.0,59.25,B,Yes
S0916,Niloy Biswas,Female,14,D,61,38,97,47,94.7,60.75,A-,Yes
S0917,Sakib Mollah,Male,17,B,68,42,66,77,86.5,63.25,A-,Yes
S0918,Rana Sultana,Female,22,A,86,82,82,49,79.4,74.75,A,Yes
S0919,Jahid Dewan,Male,20,C,53,65,76,12,87.9,51.5,B,Yes
S0920,Mithun Basu,Female,21,C,67,56,88,69,98.5,70.0,A,Yes
S0921,Shuvo Sarker,Female,18,B,61,80,94,88,79.3,80.75,A+,Yes
S0922,Rumana Rahman,Female,17,B,60,55,75,75,81.3,66.25,A-,Yes
S0923,Jahid Sarker,Male,17,C,66,21,91,48,88.4,56.5,B,Yes
S0924,Taslima Karim,Male,15,D,59,84,18,59,87.2,55.0,B,Yes
S0925,Roksana Hossain,Female,22,A,56,96,51,76,90.9,69.75,A-,Yes
S0926,Kavis Roy,Female,21,C,87,48,54,84,91.4,68.25,A-,Yes
S0927,Kavis Khan,Female,22,C,37,51,73,78,82.6,59.75,B,Yes
S0928,Shamim Dewan,Female,16,A,12,72,46,15,65.3,36.25,F,No
S0929,Mahfuz Sultana,Male,22,A,79,64,63,90,93.1,74.0,A,Yes
S0930,Mahfuz Roy,Male,16,D,94,34,66,24,86.2,54.5,B,Yes
S0931,Sakib Haque,Male,14,A,60,74,67,73,93.6,68.5,A-,Yes
S0932,Rumana Bhuiyan,Female,19,C,100,55,51,65,81.6,67.75,A-,Yes
S0933,Roksana Mollah,Male,18,B,91,56,57,49,93.7,63.25,A-,Yes
S0934,Jahid Rahman,Female,19,C,62,49,95,41,88.3,61.75,A-,Yes
S0935,Nadia Rahman,Male,20,C,76,29,75,36,94.6,54.0,B,Yes
S0936,Shuvo Bhuiyan,Male,16,B,47,75,85,78,90.0,71.25,A,Yes
S0937,Lubna Dewan,Female,18,B,60,50,92,44,79.7,61.5,A-,Yes
S0938,Sadia Sultana,Female,17,B,76,46,50,28,84.1,50.0,B,Yes
S0939,Taslima Rahman,Female,16,D,63,66,83,71,86.5,70.75,A,Yes
S0940,Kavis Ahmed,Female,22,C,61,72,88,62,84.2,70.75,A,Yes
S0941,Kavis Mia,Male,14,D,47,33,78,72,92.6,57.5,B,Yes
S0942,Sakib Khan,Male,18,D,62,90,58,81,87.7,72.75,A,Yes
S0943,Sakib Biswas,Female,18,C,54,73,73,67,88.7,66.75,A-,Yes
S0944,Shuvo Basu,Female,18,C,64,100,87,75,88.9,81.5,A+,Yes
S0945,Arif Sultana,Male,17,B,83,72,67,53,87.4,68.75,A-,Yes
S0946,Biplab Roy,Male,22,D,7,66,58,95,88.2,56.5,B,Yes
S0947,Niloy Chowdhury,Male,18,D,43,61,49,70,90.3,55.75,B,Yes
S0948,Taslima Khan,Female,19,D,82,46,67,29,93.6,56.0,B,Yes
S0949,Roksana Chandra,Male,15,A,74,71,67,69,100.0,70.25,A,Yes
S0950,Nadia Ghosh,Male,19,C,59,64,48,40,88.8,52.75,B,Yes
S0951,Jahid Nath,Female,18,D,84,56,62,51,83.7,63.25,A-,Yes
S0952,Shuvo Chandra,Female,21,D,70,32,88,45,93.8,58.75,B,Yes
S0953,Nadia Khan,Female,16,B,42,75,78,68,80.0,65.75,A-,Yes
S0954,Jahid Chowdhury,Male,20,A,69,38,62,82,94.4,62.75,A-,Yes
S0955,Sakib Chowdhury,Female,21,A,65,42,77,60,69.4,61.0,A-,Yes
S0956,Arif Bhuiyan,Female,15,A,79,61,87,35,62.6,65.5,A-,Yes
S0957,Jahid Nath,Male,20,C,70,67,38,38,100.0,53.25,B,Yes
S0958,Fatima Dewan,Female,21,B,59,76,55,14,86.6,51.0,B,Yes
S0959,Taslima Haque,Female,14,A,60,54,65,65,86.8,61.0,A-,Yes
S0960,Shuvo Ghosh,Female,21,C,42,71,33,14,93.9,40.0,C,Yes
S0961,Sadia Biswas,Male,22,B,74,60,43,44,85.9,55.25,B,Yes
S0962,Lubna Nath,Male,20,C,36,47,78,91,84.6,63.0,A-,Yes
S0963,Shuvo Rahman,Female,15,D,78,23,78,42,90.5,55.25,B,Yes
S0964,Biplab Roy,Male,16,C,60,88,52,73,85.8,68.25,A-,Yes
S0965,Arif Hossain,Female,16,C,62,58,52,59,87.5,57.75,B,Yes
S0966,Biplab Rahman,Female,21,D,69,63,80,80,79.6,73.0,A,Yes
S0967,Biplab Hossain,Female,18,B,80,38,76,73,72.7,66.75,A-,Yes
S0968,Arif Basu,Male,20,D,66,52,54,89,82.8,65.25,A-,Yes
S0969,Shamim Dewan,Male,20,D,50,63,78,56,97.3,61.75,A-,Yes
S0970,Fatima Mollah,Male,17,C,74,18,57,47,91.8,49.0,C,Yes
S0971,Biplab Basu,Female,20,B,17,100,76,63,97.5,64.0,A-,Yes
S0972,Mithun Khan,Male,15,D,100,79,83,62,86.9,81.0,A+,Yes
S0973,Roksana Biswas,Male,21,B,56,45,55,30,87.4,46.5,C,Yes
S0974,Rana Hossain,Male,22,A,34,65,66,63,83.8,57.0,B,Yes
S0975,Nadia Karim,Male,16,D,100,89,45,65,83.1,74.75,A,Yes
S0976,Arif Dewan,Male,14,D,46,35,74,45,95.7,50.0,B,Yes
S0977,Rumana Ghosh,Male,21,C,82,89,52,70,93.1,73.25,A,Yes
S0978,Niloy Islam,Male,16,A,56,46,94,65,93.1,65.25,A-,Yes
S0979,Jahid Bhuiyan,Male,21,B,50,37,57,57,79.5,50.25,B,Yes
S0980,Rumana Mollah,Female,14,A,64,28,47,74,92.8,53.25,B,Yes
S0981,Fatima Bhuiyan,Female,21,B,57,41,49,51,93.2,49.5,C,Yes
S0982,Rahim Sarker,Male,15,B,81,52,47,65,81.4,61.25,A-,Yes
S0983,Kavis Bhuiyan,Female,18,C,55,88,81,63,77.8,71.75,A,Yes
S0984,Nadia Islam,Female,22,A,68,83,60,89,98.3,75.0,A,Yes
S0985,Jahid Rahman,Female,17,C,94,68,76,91,91.6,82.25,A+,Yes
S0986,Rahim Sarker,Female,17,D,55,53,71,31,86.9,52.5,B,Yes
S0987,Rana Hossain,Male,18,A,84,18,93,84,84.3,69.75,A-,Yes
S0988,Shamim Dewan,Male,14,D,74,62,87,81,76.8,76.0,A,Yes
S0989,Roksana Ahmed,Male,15,B,75,57,68,43,100.0,60.75,A-,Yes
S0990,Nadia Rahman,Male,19,A,83,47,44,51,91.5,56.25,B,Yes
S0991,Rahim Roy,Female,22,A,69,87,80,81,90.6,79.25,A,Yes
S0992,Taslima Rahman,Male,22,C,39,58,85,58,92.0,60.0,A-,Yes
S0993,Niloy Sarker,Male,20,C,59,41,64,66,82.8,57.5,B,Yes
S0994,Taslima Mollah,Female,21,D,60,43,86,53,99.6,60.5,A-,Yes
S0995,Sadia Mia,Female,21,B,92,60,49,14,76.2,53.75,B,Yes
S0996,Lubna Khan,Female,19,D,40,89,68,68,70.2,66.25,A-,Yes
S0997,Jahid Nath,Female,22,B,43,79,71,56,92.5,62.25,A-,Yes
S0998,Mithun Haque,Male,18,C,94,57,68,64,100.0,70.75,A,Yes
S0999,Sadia Roy,Male,22,D,27,75,65,72,82.7,59.75,B,Yes
S1000,Nadia Hossain,Female,19,B,64,76,100,77,81.2,79.25,A,Yes
